"Variant","cp","ROC","Sens","Spec","ROCSD","SensSD","SpecSD"
"default",0,0.794558538704506,0.99790791030166,0.0399376387095685,0.00906270988694501,0.000182841932291692,0.00614260432685756
"default",0.001,0.5,1,0,0,0,0
"default",0.002,0.5,1,0,0,0,0
"default",0.005,0.5,1,0,0,0,0
"default",0.01,0.5,1,0,0,0,0
"default",0.015,0.5,1,0,0,0,0
"default",0.02,0.5,1,0,0,0,0
"default",0.03,0.5,1,0,0,0,0
"default",0.04,0.5,1,0,0,0,0
"default",0.05,0.5,1,0,0,0,0
"default",0.06,0.5,1,0,0,0,0
"default",0.07,0.5,1,0,0,0,0
"default",0.08,0.5,1,0,0,0,0
"default",0.09,0.5,1,0,0,0,0
"default",0.1,0.5,1,0,0,0,0
"default",0.2,0.5,1,0,0,0,0
"default",0.3,0.5,1,0,0,0,0
"default",0.4,0.5,1,0,0,0,0
"default",0.5,0.5,1,0,0,0,0
"default",1,0.5,1,0,0,0,0
"balanced",0,0.600761572453026,0.955165019110365,0.244069685999511,0.00701552929050597,0.000916923661745893,0.0140559135171437
"balanced",0.001,0.804764082424498,0.770806406180453,0.737637764444782,0.00871632826224518,0.00930962828549016,0.0152753409613106
"balanced",0.002,0.786734944688063,0.771281803581041,0.720408209074876,0.00610675796372592,0.0158277586063796,0.020528086173849
"balanced",0.005,0.770088481589096,0.749710166917384,0.713782840940736,0.00656883570113949,0.0162447074469075,0.0231679548542355
"balanced",0.01,0.757293203672382,0.699168520694904,0.732444478198864,0.00846676377277015,0.0372293151612307,0.0433577674135385
"balanced",0.015,0.732766513086986,0.666344926827149,0.731452655207041,0.0142337498872324,0.0603250320705207,0.061219104962767
"balanced",0.02,0.720135884400842,0.618496440043054,0.771883918550585,0.00585046267813791,0.0340903071753936,0.0442958726364976
"balanced",0.03,0.663646694449287,0.739662037793539,0.587631351105035,0.00612641803640262,0.00108839701502877,0.0121651736767137
"balanced",0.04,0.663646694449287,0.739662037793539,0.587631351105035,0.00612641803640262,0.00108839701502877,0.0121651736767137
"balanced",0.05,0.663646694449287,0.739662037793539,0.587631351105035,0.00612641803640262,0.00108839701502877,0.0121651736767137
"balanced",0.06,0.663646694449287,0.739662037793539,0.587631351105035,0.00612641803640262,0.00108839701502877,0.0121651736767137
"balanced",0.07,0.663646694449287,0.739662037793539,0.587631351105035,0.00612641803640262,0.00108839701502877,0.0121651736767137
"balanced",0.08,0.663646694449287,0.739662037793539,0.587631351105035,0.00612641803640262,0.00108839701502877,0.0121651736767137
"balanced",0.09,0.663646694449287,0.739662037793539,0.587631351105035,0.00612641803640262,0.00108839701502877,0.0121651736767137
"balanced",0.1,0.663646694449287,0.739662037793539,0.587631351105035,0.00612641803640262,0.00108839701502877,0.0121651736767137
"balanced",0.2,0.663646694449287,0.739662037793539,0.587631351105035,0.00612641803640262,0.00108839701502877,0.0121651736767137
"balanced",0.3,0.663646694449287,0.739662037793539,0.587631351105035,0.00612641803640262,0.00108839701502877,0.0121651736767137
"balanced",0.4,0.5,1,0,0,0,0
"balanced",0.5,0.5,1,0,0,0,0
"balanced",1,0.5,1,0,0,0,0
