"Trees","mtry","splitrule","min.node.size","ROC","Sens","Spec","ROCSD","SensSD","SpecSD"
500,1,"extratrees",40,0.874120371250695,1,0,0.00749613315855048,0,0
500,1,"extratrees",55,0.874719903619611,1,0,0.00771864596789002,0,0
500,1,"extratrees",60,0.874829601655044,1,0,0.00785810087238361,0,0
500,1,"extratrees",65,0.874515658623282,1,0,0.007846876678374,0,0
500,2,"extratrees",40,0.8771412988874,1,0,0.0081075715504384,0,0
500,2,"extratrees",55,0.877517581411433,1,0,0.00718791038851586,0,0
500,2,"extratrees",60,0.877747529445165,1,0,0.00746873487023376,0,0
500,2,"extratrees",65,0.876929441969138,1,0,0.00768094646784539,0,0
500,3,"extratrees",40,0.876123766072381,1,0,0.00785159348194895,0,0
500,3,"extratrees",55,0.877616916934254,1,0,0.00745958824744379,0,0
500,3,"extratrees",60,0.877231509990461,1,0,0.00807148846982644,0,0
500,3,"extratrees",65,0.877095007481104,1,0,0.00773774034030503,0,0
1000,1,"extratrees",40,0.875631041823376,1,0,0.00772499733622855,0,0
1000,1,"extratrees",55,0.875690796709529,1,0,0.00768011691343863,0,0
1000,1,"extratrees",60,0.875887924800294,1,0,0.0074825513901233,0,0
1000,1,"extratrees",65,0.875565439407917,1,0,0.00768674151074076,0,0
1000,2,"extratrees",40,0.878287142118963,1,0,0.00771916761238401,0,0
1000,2,"extratrees",55,0.878717000644837,1,0,0.00751812782009356,0,0
1000,2,"extratrees",60,0.87845277411034,1,0,0.0075856891832394,0,0
1000,2,"extratrees",65,0.878008265415583,1,0,0.00762506023002303,0,0
1000,3,"extratrees",40,0.877428391112756,1,0,0.00780109202409769,0,0
1000,3,"extratrees",55,0.878206238740204,1,0,0.00712063838780382,0,0
1000,3,"extratrees",60,0.878330468440344,1,0,0.00770767595016422,0,0
1000,3,"extratrees",65,0.878224943516165,1,0,0.00759147896190943,0,0
2000,1,"extratrees",40,0.8762638463762,1,0,0.00750123383600693,0,0
2000,1,"extratrees",55,0.87615683532796,1,0,0.00785437026071471,0,0
2000,1,"extratrees",60,0.876316166558672,1,0,0.00730825795634399,0,0
2000,1,"extratrees",65,0.876210707708072,1,0,0.00759370565025149,0,0
2000,2,"extratrees",40,0.879157555545362,1,0,0.00752904354019661,0,0
2000,2,"extratrees",55,0.879239233835997,1,0,0.00742724761969407,0,0
2000,2,"extratrees",60,0.879263631034475,1,0,0.00732757773387189,0,0
2000,2,"extratrees",65,0.878902860986295,1,0,0.00751615580856925,0,0
2000,3,"extratrees",40,0.878260869695537,1,0,0.00752142106298133,0,0
2000,3,"extratrees",55,0.878727396671284,1,0,0.00760037906388161,0,0
2000,3,"extratrees",60,0.878738951092948,1,0,0.00740609212512635,0,0
2000,3,"extratrees",65,0.878350438574023,1,0,0.00757050285249513,0,0
