"eta","max_depth","gamma","colsample_bytree","min_child_weight","subsample","Best_Nrounds","Mean_AUC","Interior"
0.03,1,0,0.01,210,0.8,261,0.877078230204042,FALSE
0.05,1,0,0.01,210,0.8,1984,0.893183353554996,FALSE
0.08,1,0,0.01,210,0.8,1569,0.892879628112282,FALSE
0.03,2,0,0.01,210,0.8,1984,0.891991623319222,FALSE
0.05,2,0,0.01,210,0.8,1274,0.893813804965436,FALSE
0.08,2,0,0.01,210,0.8,681,0.892957836413656,FALSE
0.03,3,0,0.01,210,0.8,1999,0.893118788001323,FALSE
0.05,3,0,0.01,210,0.8,1022,0.893103116297526,FALSE
0.08,3,0,0.01,210,0.8,990,0.891344031351106,FALSE
0.03,1,2,0.01,210,0.8,1991,0.89191806733675,FALSE
0.05,1,2,0.01,210,0.8,2000,0.893466981200227,FALSE
0.08,1,2,0.01,210,0.8,1331,0.89066540112743,FALSE
0.03,2,2,0.01,210,0.8,1997,0.894061887084204,FALSE
0.05,2,2,0.01,210,0.8,1130,0.893028476014019,FALSE
0.08,2,2,0.01,210,0.8,901,0.893624667466468,FALSE
0.03,3,2,0.01,210,0.8,783,0.887807252607901,FALSE
0.05,3,2,0.01,210,0.8,1320,0.891873240251734,FALSE
0.08,3,2,0.01,210,0.8,965,0.891195866968124,FALSE
0.03,1,5,0.01,210,0.8,2000,0.890285854599909,FALSE
0.05,1,5,0.01,210,0.8,1999,0.892833199485345,FALSE
0.08,1,5,0.01,210,0.8,1451,0.893102220107288,FALSE
0.03,2,5,0.01,210,0.8,1200,0.890626004203127,FALSE
0.05,2,5,0.01,210,0.8,1364,0.893862988241288,FALSE
0.08,2,5,0.01,210,0.8,987,0.893626284568513,FALSE
0.03,3,5,0.01,210,0.8,1423,0.891277549327372,FALSE
0.05,3,5,0.01,210,0.8,1134,0.889897129286506,FALSE
0.08,3,5,0.01,210,0.8,727,0.88989108381823,FALSE
0.03,1,0,0.05,210,0.8,1986,0.893918631881126,FALSE
0.05,1,0,0.05,210,0.8,1516,0.896516972687989,FALSE
0.08,1,0,0.05,210,0.8,854,0.897081465699695,FALSE
0.03,2,0,0.05,210,0.8,1480,0.895540345299232,FALSE
0.05,2,0,0.05,210,0.8,681,0.894840542674727,FALSE
0.08,2,0,0.05,210,0.8,423,0.894973405146623,FALSE
0.03,3,0,0.05,210,0.8,845,0.892395496462286,FALSE
0.05,3,0,0.05,210,0.8,675,0.893661821538469,FALSE
0.08,3,0,0.05,210,0.8,388,0.895361012047231,FALSE
0.03,1,2,0.05,210,0.8,1992,0.895423843026802,FALSE
0.05,1,2,0.05,210,0.8,1199,0.892452930172317,FALSE
0.08,1,2,0.05,210,0.8,927,0.895407085210769,FALSE
0.03,2,2,0.05,210,0.8,1021,0.894663964608349,FALSE
0.05,2,2,0.05,210,0.8,828,0.894570296182102,FALSE
0.08,2,2,0.05,210,0.8,604,0.895816501417845,FALSE
0.03,3,2,0.05,210,0.8,887,0.893173531180039,FALSE
0.05,3,2,0.05,210,0.8,537,0.894346954637202,FALSE
0.08,3,2,0.05,210,0.8,386,0.893774913938667,FALSE
0.03,1,5,0.05,210,0.8,1999,0.894915952183186,FALSE
0.05,1,5,0.05,210,0.8,1546,0.894757277921076,FALSE
0.08,1,5,0.05,210,0.8,932,0.894318208722529,FALSE
0.03,2,5,0.05,210,0.8,1273,0.89467871270389,FALSE
0.05,2,5,0.05,210,0.8,790,0.89522616056135,FALSE
0.08,2,5,0.05,210,0.8,533,0.894835333966388,FALSE
0.03,3,5,0.05,210,0.8,874,0.893624172313476,FALSE
0.05,3,5,0.05,210,0.8,763,0.895048848578096,FALSE
0.08,3,5,0.05,210,0.8,455,0.894181203178905,FALSE
0.03,1,0,0.08,210,0.8,1874,0.894077643777231,FALSE
0.05,1,0,0.08,210,0.8,1158,0.894610584205293,FALSE
0.08,1,0,0.08,210,0.8,739,0.894208713592028,FALSE
0.03,2,0,0.08,210,0.8,773,0.895820739321248,FALSE
0.05,2,0,0.08,210,0.8,612,0.895016703800292,FALSE
0.08,2,0,0.08,210,0.8,374,0.89505758741627,FALSE
0.03,3,0,0.08,210,0.8,780,0.896722703572104,FALSE
0.05,3,0,0.08,210,0.8,470,0.895344828749928,FALSE
0.08,3,0,0.08,210,0.8,280,0.893741895141022,FALSE
0.03,1,2,0.08,210,0.8,1606,0.894408659463152,FALSE
0.05,1,2,0.08,210,0.8,906,0.894023754270696,FALSE
0.08,1,2,0.08,210,0.8,854,0.895382139431515,FALSE
0.03,2,2,0.08,210,0.8,962,0.896588549841577,FALSE
0.05,2,2,0.08,210,0.8,605,0.895045631290698,FALSE
0.08,2,2,0.08,210,0.8,384,0.896127977742502,FALSE
0.03,3,2,0.08,210,0.8,766,0.893662840284892,FALSE
0.05,3,2,0.08,210,0.8,505,0.894954533393665,FALSE
0.08,3,2,0.08,210,0.8,308,0.89373258723349,FALSE
0.03,1,5,0.08,210,0.8,1997,0.894425050236845,FALSE
0.05,1,5,0.08,210,0.8,1316,0.894725556892558,FALSE
0.08,1,5,0.08,210,0.8,978,0.894930545979654,FALSE
0.03,2,5,0.08,210,0.8,946,0.895931838754207,FALSE
0.05,2,5,0.08,210,0.8,504,0.893080488019271,FALSE
0.08,2,5,0.08,210,0.8,397,0.896225638551977,FALSE
0.03,3,5,0.08,210,0.8,746,0.89375927458609,FALSE
0.05,3,5,0.08,210,0.8,463,0.893341320246949,FALSE
0.08,3,5,0.08,210,0.8,357,0.894394453859336,FALSE
0.03,1,0,0.01,230,0.8,1992,0.890796145779189,FALSE
0.05,1,0,0.01,230,0.8,1999,0.89285523723358,FALSE
0.08,1,0,0.01,230,0.8,1739,0.893940601402633,FALSE
0.03,2,0,0.01,230,0.8,1998,0.892333037146842,FALSE
0.05,2,0,0.01,230,0.8,1490,0.893619269581634,FALSE
0.08,2,0,0.01,230,0.8,1073,0.894644967847884,FALSE
0.03,3,0,0.01,230,0.8,693,0.887887179415829,FALSE
0.05,3,0,0.01,230,0.8,1190,0.892361917578812,FALSE
0.08,3,0,0.01,230,0.8,1100,0.890649902460349,FALSE
0.03,1,2,0.01,230,0.8,2000,0.890586166328849,FALSE
0.05,1,2,0.01,230,0.8,1986,0.892006410771336,FALSE
0.08,1,2,0.01,230,0.8,1134,0.893630082021561,FALSE
0.03,2,2,0.01,230,0.8,1701,0.893051469986297,FALSE
0.05,2,2,0.01,230,0.8,537,0.888477136670952,FALSE
0.08,2,2,0.01,230,0.8,1130,0.894336923905959,FALSE
0.03,3,2,0.01,230,0.8,1903,0.891174735040191,FALSE
0.05,3,2,0.01,230,0.8,975,0.891581428291504,FALSE
0.08,3,2,0.01,230,0.8,1029,0.892684480487033,FALSE
0.03,1,5,0.01,230,0.8,1984,0.889811949585466,FALSE
0.05,1,5,0.01,230,0.8,2000,0.893942806610729,FALSE
0.08,1,5,0.01,230,0.8,1572,0.894438294374134,FALSE
0.03,2,5,0.01,230,0.8,2000,0.892277687003771,FALSE
0.05,2,5,0.01,230,0.8,1641,0.893494571866988,FALSE
0.08,2,5,0.01,230,0.8,850,0.893373605358641,FALSE
0.03,3,5,0.01,230,0.8,1274,0.890463237914068,FALSE
0.05,3,5,0.01,230,0.8,1293,0.893526702116054,FALSE
0.08,3,5,0.01,230,0.8,977,0.890557668999752,FALSE
0.03,1,0,0.05,230,0.8,1967,0.893426777362105,FALSE
0.05,1,0,0.05,230,0.8,1452,0.895403685708601,FALSE
0.08,1,0,0.05,230,0.8,871,0.894257778142868,FALSE
0.03,2,0,0.05,230,0.8,1266,0.894404745317736,FALSE
0.05,2,0,0.05,230,0.8,766,0.894897671481713,FALSE
0.08,2,0,0.05,230,0.8,578,0.894268170209161,FALSE
0.03,3,0,0.05,230,0.8,1153,0.894291957274034,FALSE
0.05,3,0,0.05,230,0.8,518,0.892907911870087,FALSE
0.08,3,0,0.05,230,0.8,392,0.893780779308979,FALSE
0.03,1,2,0.05,230,0.8,1984,0.895840921346871,FALSE
0.05,1,2,0.05,230,0.8,1280,0.895695013238049,FALSE
0.08,1,2,0.05,230,0.8,949,0.896509425846892,FALSE
0.03,2,2,0.05,230,0.8,1084,0.894072951694182,FALSE
0.05,2,2,0.05,230,0.8,598,0.894771981249273,FALSE
0.08,2,2,0.05,230,0.8,463,0.896667749318945,FALSE
0.03,3,2,0.05,230,0.8,1039,0.895361647020628,FALSE
0.05,3,2,0.05,230,0.8,618,0.895834079142008,FALSE
0.08,3,2,0.05,230,0.8,453,0.892827366796473,FALSE
0.03,1,5,0.05,230,0.8,1993,0.894932935620784,FALSE
0.05,1,5,0.05,230,0.8,1338,0.894306658504648,FALSE
0.08,1,5,0.05,230,0.8,926,0.89439266786599,FALSE
0.03,2,5,0.05,230,0.8,1494,0.897104805408199,FALSE
0.05,2,5,0.05,230,0.8,834,0.897730502841224,FALSE
0.08,2,5,0.05,230,0.8,458,0.895323114059154,FALSE
0.03,3,5,0.05,230,0.8,1016,0.894872295294976,FALSE
0.05,3,5,0.05,230,0.8,621,0.892540528028774,FALSE
0.08,3,5,0.05,230,0.8,464,0.894590549490725,FALSE
0.03,1,0,0.08,230,0.8,1883,0.895309131780466,FALSE
0.05,1,0,0.08,230,0.8,1043,0.893982167979166,FALSE
0.08,1,0,0.08,230,0.8,850,0.894786921420775,FALSE
0.03,2,0,0.08,230,0.8,1122,0.895657302063661,FALSE
0.05,2,0,0.08,230,0.8,579,0.895244263546056,FALSE
0.08,2,0,0.08,230,0.8,342,0.894712174735358,FALSE
0.03,3,0,0.08,230,0.8,780,0.895850057896215,FALSE
0.05,3,0,0.08,230,0.8,481,0.894907357396146,FALSE
0.08,3,0,0.08,230,0.8,228,0.893764644960059,FALSE
0.03,1,2,0.08,230,0.8,1664,0.893635382031767,FALSE
0.05,1,2,0.08,230,0.8,1302,0.894600164313762,FALSE
0.08,1,2,0.08,230,0.8,788,0.894309729244149,FALSE
0.03,2,2,0.08,230,0.8,924,0.895845158701046,FALSE
0.05,2,2,0.08,230,0.8,585,0.894508337467571,FALSE
0.08,2,2,0.08,230,0.8,378,0.894615812983179,FALSE
0.03,3,2,0.08,230,0.8,652,0.896308236145943,FALSE
0.05,3,2,0.08,230,0.8,388,0.894423954593814,FALSE
0.08,3,2,0.08,230,0.8,237,0.893182902014397,FALSE
0.03,1,5,0.08,230,0.8,1712,0.89429501087756,FALSE
0.05,1,5,0.08,230,0.8,1294,0.894964581677338,FALSE
0.08,1,5,0.08,230,0.8,822,0.895995028979354,FALSE
0.03,2,5,0.08,230,0.8,1000,0.89465548374518,FALSE
0.05,2,5,0.08,230,0.8,716,0.8968948216654,FALSE
0.08,2,5,0.08,230,0.8,344,0.897755957879434,FALSE
0.03,3,5,0.08,230,0.8,715,0.894674610348459,FALSE
0.05,3,5,0.08,230,0.8,386,0.896175664765497,FALSE
0.08,3,5,0.08,230,0.8,242,0.895102514841648,FALSE
0.03,1,0,0.01,250,0.8,241,0.877859244948707,FALSE
0.05,1,0,0.01,250,0.8,1493,0.892135517955416,FALSE
0.08,1,0,0.01,250,0.8,1712,0.894892776596169,FALSE
0.03,2,0,0.01,250,0.8,1997,0.894073668191187,FALSE
0.05,2,0,0.01,250,0.8,1948,0.894459432521352,FALSE
0.08,2,0,0.01,250,0.8,718,0.892318355929494,FALSE
0.03,3,0,0.01,250,0.8,277,0.880511809223489,FALSE
0.05,3,0,0.01,250,0.8,1289,0.893089548130748,FALSE
0.08,3,0,0.01,250,0.8,748,0.892349272690758,FALSE
0.03,1,2,0.01,250,0.8,1751,0.888775578573499,FALSE
0.05,1,2,0.01,250,0.8,1914,0.8916139668533,FALSE
0.08,1,2,0.01,250,0.8,1387,0.894457128112592,FALSE
0.03,2,2,0.01,250,0.8,1548,0.892024679809794,FALSE
0.05,2,2,0.01,250,0.8,1311,0.89441402038542,FALSE
0.08,2,2,0.01,250,0.8,980,0.894194132138027,FALSE
0.03,3,2,0.01,250,0.8,1251,0.890316952441479,FALSE
0.05,3,2,0.01,250,0.8,1248,0.891584733681528,FALSE
0.08,3,2,0.01,250,0.8,864,0.892370859009161,FALSE
0.03,1,5,0.01,250,0.8,2000,0.890054393573714,FALSE
0.05,1,5,0.01,250,0.8,1990,0.890202511009392,FALSE
0.08,1,5,0.01,250,0.8,1682,0.89411172400267,FALSE
0.03,2,5,0.01,250,0.8,1997,0.891351081308163,FALSE
0.05,2,5,0.01,250,0.8,1568,0.892897873907952,FALSE
0.08,2,5,0.01,250,0.8,1086,0.895386851989502,FALSE
0.03,3,5,0.01,250,0.8,1972,0.893846714788056,FALSE
0.05,3,5,0.01,250,0.8,1266,0.891691572827735,FALSE
0.08,3,5,0.01,250,0.8,836,0.889580216851758,FALSE
0.03,1,0,0.05,250,0.8,1998,0.895308467026665,FALSE
0.05,1,0,0.05,250,0.8,1295,0.89516039881063,FALSE
0.08,1,0,0.05,250,0.8,821,0.894612184925788,FALSE
0.03,2,0,0.05,250,0.8,1598,0.895819266552299,FALSE
0.05,2,0,0.05,250,0.8,775,0.895746707605492,FALSE
0.08,2,0,0.05,250,0.8,582,0.895936230281586,FALSE
0.03,3,0,0.05,250,0.8,1092,0.895241582733598,FALSE
0.05,3,0,0.05,250,0.8,617,0.893118361599657,FALSE
0.08,3,0,0.05,250,0.8,343,0.893966751136194,FALSE
0.03,1,2,0.05,250,0.8,1998,0.893972866504739,FALSE
0.05,1,2,0.05,250,0.8,1436,0.895056783566327,FALSE
0.08,1,2,0.05,250,0.8,1011,0.895636046891184,FALSE
0.03,2,2,0.05,250,0.8,1161,0.894912911882932,FALSE
0.05,2,2,0.05,250,0.8,930,0.89596118043561,FALSE
0.08,2,2,0.05,250,0.8,452,0.895282209421034,FALSE
0.03,3,2,0.05,250,0.8,1472,0.895534868000364,FALSE
0.05,3,2,0.05,250,0.8,752,0.895038447437042,FALSE
0.08,3,2,0.05,250,0.8,446,0.89373294703373,FALSE
0.03,1,5,0.05,250,0.8,1990,0.89530938998754,FALSE
0.05,1,5,0.05,250,0.8,1353,0.894726688391609,FALSE
0.08,1,5,0.05,250,0.8,1040,0.894732987254557,FALSE
0.03,2,5,0.05,250,0.8,1501,0.897693318455616,FALSE
0.05,2,5,0.05,250,0.8,655,0.893487265373899,FALSE
0.08,2,5,0.05,250,0.8,509,0.895004300750441,FALSE
0.03,3,5,0.05,250,0.8,892,0.894664995385597,FALSE
0.05,3,5,0.05,250,0.8,692,0.894735591548941,FALSE
0.08,3,5,0.05,250,0.8,357,0.894871961026151,FALSE
0.03,1,0,0.08,250,0.8,1974,0.894286730222848,FALSE
0.05,1,0,0.08,250,0.8,1394,0.895674615185876,FALSE
0.08,1,0,0.08,250,0.8,697,0.897241518680528,FALSE
0.03,2,0,0.08,250,0.8,1092,0.895962214646009,FALSE
0.05,2,0,0.08,250,0.8,684,0.895129117455844,FALSE
0.08,2,0,0.08,250,0.8,370,0.89402782465924,FALSE
0.03,3,0,0.08,250,0.8,765,0.895934781116738,FALSE
0.05,3,0,0.08,250,0.8,418,0.895772564371355,FALSE
0.08,3,0,0.08,250,0.8,262,0.894790722055272,FALSE
0.03,1,2,0.08,250,0.8,1885,0.893324437707917,FALSE
0.05,1,2,0.08,250,0.8,1247,0.892756708612551,FALSE
0.08,1,2,0.08,250,0.8,860,0.895904659085488,FALSE
0.03,2,2,0.08,250,0.8,1064,0.89599244825189,FALSE
0.05,2,2,0.08,250,0.8,620,0.895788691888205,FALSE
0.08,2,2,0.08,250,0.8,410,0.893544745203222,FALSE
0.03,3,2,0.08,250,0.8,777,0.897018167295851,FALSE
0.05,3,2,0.08,250,0.8,568,0.89616707288812,FALSE
0.08,3,2,0.08,250,0.8,238,0.894564231745489,FALSE
0.03,1,5,0.08,250,0.8,2000,0.896487285951785,FALSE
0.05,1,5,0.08,250,0.8,1277,0.896361052944154,FALSE
0.08,1,5,0.08,250,0.8,810,0.893736187446372,FALSE
0.03,2,5,0.08,250,0.8,924,0.895150996379135,FALSE
0.05,2,5,0.08,250,0.8,674,0.894899037750896,FALSE
0.08,2,5,0.08,250,0.8,374,0.89447880574801,FALSE
0.03,3,5,0.08,250,0.8,641,0.894227460756214,FALSE
0.05,3,5,0.08,250,0.8,395,0.89410484541476,FALSE
0.08,3,5,0.08,250,0.8,271,0.894785346421848,FALSE
0.03,1,0,0.01,210,0.9,2000,0.890180586488826,FALSE
0.05,1,0,0.01,210,0.9,2000,0.89348809855505,FALSE
0.08,1,0,0.01,210,0.9,1988,0.894069588482689,FALSE
0.03,2,0,0.01,210,0.9,1999,0.89404101061571,FALSE
0.05,2,0,0.01,210,0.9,1268,0.892259286971544,FALSE
0.08,2,0,0.01,210,0.9,1130,0.894624875439095,FALSE
0.03,3,0,0.01,210,0.9,1999,0.893093723317872,FALSE
0.05,3,0,0.01,210,0.9,1319,0.892350429620245,FALSE
0.08,3,0,0.01,210,0.9,898,0.892927197385538,FALSE
0.03,1,2,0.01,210,0.9,1988,0.890692294596454,FALSE
0.05,1,2,0.01,210,0.9,1990,0.892719127839693,FALSE
0.08,1,2,0.01,210,0.9,1463,0.892372717431878,FALSE
0.03,2,2,0.01,210,0.9,2000,0.892367820587406,FALSE
0.05,2,2,0.01,210,0.9,1561,0.894221549345377,FALSE
0.08,2,2,0.01,210,0.9,1048,0.894322479017495,FALSE
0.03,3,2,0.01,210,0.9,837,0.888497963750597,FALSE
0.05,3,2,0.01,210,0.9,1070,0.892527179919407,FALSE
0.08,3,2,0.01,210,0.9,1004,0.892951981203556,FALSE
0.03,1,5,0.01,210,0.9,1993,0.890188668953647,FALSE
0.05,1,5,0.01,210,0.9,1990,0.892559879170163,FALSE
0.08,1,5,0.01,210,0.9,1716,0.895119726556152,FALSE
0.03,2,5,0.01,210,0.9,1422,0.892027846695074,FALSE
0.05,2,5,0.01,210,0.9,1211,0.89271156183768,FALSE
0.08,2,5,0.01,210,0.9,1211,0.895287369083929,FALSE
0.03,3,5,0.01,210,0.9,1999,0.891285157786007,FALSE
0.05,3,5,0.01,210,0.9,1627,0.891083608554736,FALSE
0.08,3,5,0.01,210,0.9,867,0.891492525017183,FALSE
0.03,1,0,0.05,210,0.9,1996,0.893994772252728,FALSE
0.05,1,0,0.05,210,0.9,1380,0.892872879187014,FALSE
0.08,1,0,0.05,210,0.9,1027,0.893962533092894,FALSE
0.03,2,0,0.05,210,0.9,1216,0.895168639259809,FALSE
0.05,2,0,0.05,210,0.9,664,0.894014866668957,FALSE
0.08,2,0,0.05,210,0.9,459,0.89410222187307,FALSE
0.03,3,0,0.05,210,0.9,819,0.893786684117365,FALSE
0.05,3,0,0.05,210,0.9,634,0.896641251193103,FALSE
0.08,3,0,0.05,210,0.9,435,0.892978612827268,FALSE
0.03,1,2,0.05,210,0.9,1993,0.894273994753126,FALSE
0.05,1,2,0.05,210,0.9,1314,0.894692529375603,FALSE
0.08,1,2,0.05,210,0.9,1243,0.895524973264891,FALSE
0.03,2,2,0.05,210,0.9,967,0.895059803098283,FALSE
0.05,2,2,0.05,210,0.9,806,0.896523342280333,FALSE
0.08,2,2,0.05,210,0.9,656,0.893736034215164,FALSE
0.03,3,2,0.05,210,0.9,1131,0.894678856453169,FALSE
0.05,3,2,0.05,210,0.9,629,0.893319988671306,FALSE
0.08,3,2,0.05,210,0.9,444,0.893363706220003,FALSE
0.03,1,5,0.05,210,0.9,1996,0.894395029178236,FALSE
0.05,1,5,0.05,210,0.9,1514,0.89489922212452,FALSE
0.08,1,5,0.05,210,0.9,1035,0.895616849205941,FALSE
0.03,2,5,0.05,210,0.9,1009,0.893334162389894,FALSE
0.05,2,5,0.05,210,0.9,687,0.895733929834477,FALSE
0.08,2,5,0.05,210,0.9,450,0.895528123213382,FALSE
0.03,3,5,0.05,210,0.9,795,0.894658769733558,FALSE
0.05,3,5,0.05,210,0.9,652,0.893779214731822,FALSE
0.08,3,5,0.05,210,0.9,370,0.894929991209829,FALSE
0.03,1,0,0.08,210,0.9,1990,0.892503624908068,FALSE
0.05,1,0,0.08,210,0.9,1334,0.895189347978767,FALSE
0.08,1,0,0.08,210,0.9,944,0.893923659711603,FALSE
0.03,2,0,0.08,210,0.9,805,0.894867821096388,FALSE
0.05,2,0,0.08,210,0.9,598,0.894936801317448,FALSE
0.08,2,0,0.08,210,0.9,390,0.89464032752446,FALSE
0.03,3,0,0.08,210,0.9,598,0.893336670279047,FALSE
0.05,3,0,0.08,210,0.9,381,0.893603313270064,FALSE
0.08,3,0,0.08,210,0.9,199,0.893983476655436,FALSE
0.03,1,2,0.08,210,0.9,1743,0.894110044892553,FALSE
0.05,1,2,0.08,210,0.9,1306,0.894685042579396,FALSE
0.08,1,2,0.08,210,0.9,687,0.895185484831503,FALSE
0.03,2,2,0.08,210,0.9,1085,0.894695335070015,FALSE
0.05,2,2,0.08,210,0.9,611,0.895128746671231,FALSE
0.08,2,2,0.08,210,0.9,367,0.895368858871686,FALSE
0.03,3,2,0.08,210,0.9,671,0.894595402855589,FALSE
0.05,3,2,0.08,210,0.9,310,0.893313821686509,FALSE
0.08,3,2,0.08,210,0.9,287,0.8931599086135,FALSE
0.03,1,5,0.08,210,0.9,1998,0.896157806815718,FALSE
0.05,1,5,0.08,210,0.9,1386,0.896298545722723,FALSE
0.08,1,5,0.08,210,0.9,888,0.893683888822882,FALSE
0.03,2,5,0.08,210,0.9,1067,0.896120795622238,FALSE
0.05,2,5,0.08,210,0.9,583,0.893910363600393,FALSE
0.08,2,5,0.08,210,0.9,409,0.895324204724856,FALSE
0.03,3,5,0.08,210,0.9,743,0.894762264428962,FALSE
0.05,3,5,0.08,210,0.9,471,0.894166547189248,FALSE
0.08,3,5,0.08,210,0.9,372,0.894873570628466,FALSE
0.03,1,0,0.01,230,0.9,2000,0.890117808582793,FALSE
0.05,1,0,0.01,230,0.9,1964,0.892573137197333,FALSE
0.08,1,0,0.01,230,0.9,1548,0.892830774941202,FALSE
0.03,2,0,0.01,230,0.9,850,0.888183379829682,FALSE
0.05,2,0,0.01,230,0.9,1496,0.892768054617087,FALSE
0.08,2,0,0.01,230,0.9,1063,0.89471174122197,FALSE
0.03,3,0,0.01,230,0.9,1570,0.891662633057606,FALSE
0.05,3,0,0.01,230,0.9,1441,0.892377976066662,FALSE
0.08,3,0,0.01,230,0.9,907,0.891046200797502,FALSE
0.03,1,2,0.01,230,0.9,1970,0.891504983317568,FALSE
0.05,1,2,0.01,230,0.9,1226,0.889958874100351,FALSE
0.08,1,2,0.01,230,0.9,1799,0.894772868252329,FALSE
0.03,2,2,0.01,230,0.9,2000,0.891933013147032,FALSE
0.05,2,2,0.01,230,0.9,1746,0.894063766612002,FALSE
0.08,2,2,0.01,230,0.9,993,0.894491736113448,FALSE
0.03,3,2,0.01,230,0.9,1102,0.889623002281273,FALSE
0.05,3,2,0.01,230,0.9,1643,0.891728978887567,FALSE
0.08,3,2,0.01,230,0.9,995,0.891776194011175,FALSE
0.03,1,5,0.01,230,0.9,1996,0.889749194194642,FALSE
0.05,1,5,0.01,230,0.9,1562,0.89178176956241,FALSE
0.08,1,5,0.01,230,0.9,1057,0.892426870191418,FALSE
0.03,2,5,0.01,230,0.9,2000,0.892853360099063,FALSE
0.05,2,5,0.01,230,0.9,1414,0.893057900130514,FALSE
0.08,2,5,0.01,230,0.9,1083,0.893312116113454,FALSE
0.03,3,5,0.01,230,0.9,1950,0.891506959668988,FALSE
0.05,3,5,0.01,230,0.9,1631,0.892046272060037,FALSE
0.08,3,5,0.01,230,0.9,838,0.890563193832166,FALSE
0.03,1,0,0.05,230,0.9,1997,0.895054730371645,FALSE
0.05,1,0,0.05,230,0.9,1474,0.894703863136214,FALSE
0.08,1,0,0.05,230,0.9,1082,0.896159762569192,FALSE
0.03,2,0,0.05,230,0.9,1387,0.895397416501298,FALSE
0.05,2,0,0.05,230,0.9,917,0.896703586892879,FALSE
0.08,2,0,0.05,230,0.9,624,0.894859893931524,FALSE
0.03,3,0,0.05,230,0.9,855,0.893662485362777,FALSE
0.05,3,0,0.05,230,0.9,656,0.893513309074099,FALSE
0.08,3,0,0.05,230,0.9,394,0.893002932194486,FALSE
0.03,1,2,0.05,230,0.9,1996,0.893671671988131,FALSE
0.05,1,2,0.05,230,0.9,1989,0.894377986977821,FALSE
0.08,1,2,0.05,230,0.9,1252,0.89650385571295,FALSE
0.03,2,2,0.05,230,0.9,1223,0.894273973619956,FALSE
0.05,2,2,0.05,230,0.9,785,0.894553304467828,TRUE
0.08,2,2,0.05,230,0.9,520,0.892680024965964,FALSE
0.03,3,2,0.05,230,0.9,1053,0.895750505235782,FALSE
0.05,3,2,0.05,230,0.9,530,0.893911569579394,FALSE
0.08,3,2,0.05,230,0.9,387,0.892483250243985,FALSE
0.03,1,5,0.05,230,0.9,1931,0.894387744939455,FALSE
0.05,1,5,0.05,230,0.9,1723,0.895009963005921,FALSE
0.08,1,5,0.05,230,0.9,784,0.893014603283671,FALSE
0.03,2,5,0.05,230,0.9,1066,0.894422026492014,FALSE
0.05,2,5,0.05,230,0.9,909,0.895148700062572,FALSE
0.08,2,5,0.05,230,0.9,634,0.895558426349311,FALSE
0.03,3,5,0.05,230,0.9,846,0.894054723611488,FALSE
0.05,3,5,0.05,230,0.9,560,0.895868377321229,FALSE
0.08,3,5,0.05,230,0.9,429,0.892380173592381,FALSE
0.03,1,0,0.08,230,0.9,1858,0.8940607646109,FALSE
0.05,1,0,0.08,230,0.9,1426,0.893251453096697,FALSE
0.08,1,0,0.08,230,0.9,836,0.894026088668655,FALSE
0.03,2,0,0.08,230,0.9,915,0.895132151638536,FALSE
0.05,2,0,0.08,230,0.9,574,0.893352755262896,FALSE
0.08,2,0,0.08,230,0.9,338,0.894316403477279,FALSE
0.03,3,0,0.08,230,0.9,561,0.894064555940294,FALSE
0.05,3,0,0.08,230,0.9,463,0.89474366774159,FALSE
0.08,3,0,0.08,230,0.9,265,0.895882158362773,FALSE
0.03,1,2,0.08,230,0.9,1998,0.894229266255183,FALSE
0.05,1,2,0.08,230,0.9,1569,0.89336277345403,FALSE
0.08,1,2,0.08,230,0.9,851,0.894443816880128,FALSE
0.03,2,2,0.08,230,0.9,1041,0.89722117797199,FALSE
0.05,2,2,0.08,230,0.9,749,0.896587142436307,FALSE
0.08,2,2,0.08,230,0.9,448,0.896799722232448,FALSE
0.03,3,2,0.08,230,0.9,648,0.893936724931659,FALSE
0.05,3,2,0.08,230,0.9,516,0.896817428595359,FALSE
0.08,3,2,0.08,230,0.9,318,0.89444934766712,FALSE
0.03,1,5,0.08,230,0.9,1744,0.894031324571077,FALSE
0.05,1,5,0.08,230,0.9,1310,0.89409870272073,FALSE
0.08,1,5,0.08,230,0.9,847,0.894902327100073,FALSE
0.03,2,5,0.08,230,0.9,984,0.897017163848678,FALSE
0.05,2,5,0.08,230,0.9,788,0.895513090378974,FALSE
0.08,2,5,0.08,230,0.9,383,0.895229954867418,FALSE
0.03,3,5,0.08,230,0.9,814,0.895158110198778,FALSE
0.05,3,5,0.08,230,0.9,434,0.896492843174427,FALSE
0.08,3,5,0.08,230,0.9,317,0.893644657428367,FALSE
0.03,1,0,0.01,250,0.9,1998,0.892930125040145,FALSE
0.05,1,0,0.01,250,0.9,2000,0.89450690660526,FALSE
0.08,1,0,0.01,250,0.9,1210,0.893273321755807,FALSE
0.03,2,0,0.01,250,0.9,987,0.886151249244571,FALSE
0.05,2,0,0.01,250,0.9,868,0.892493904636478,FALSE
0.08,2,0,0.01,250,0.9,1145,0.893435330095984,FALSE
0.03,3,0,0.01,250,0.9,1779,0.891520325717397,FALSE
0.05,3,0,0.01,250,0.9,1277,0.892935967528764,FALSE
0.08,3,0,0.01,250,0.9,1167,0.893897380392171,FALSE
0.03,1,2,0.01,250,0.9,1991,0.889642478896272,FALSE
0.05,1,2,0.01,250,0.9,1960,0.892543360230221,FALSE
0.08,1,2,0.01,250,0.9,1870,0.894979752002187,FALSE
0.03,2,2,0.01,250,0.9,1984,0.89375824087006,FALSE
0.05,2,2,0.01,250,0.9,1661,0.892909774361319,FALSE
0.08,2,2,0.01,250,0.9,665,0.891656077613248,FALSE
0.03,3,2,0.01,250,0.9,1716,0.893879974577996,FALSE
0.05,3,2,0.01,250,0.9,1422,0.892332116897231,FALSE
0.08,3,2,0.01,250,0.9,871,0.889041201199448,FALSE
0.03,1,5,0.01,250,0.9,1999,0.89008202228459,FALSE
0.05,1,5,0.01,250,0.9,2000,0.89350401199855,FALSE
0.08,1,5,0.01,250,0.9,1711,0.892691381391064,FALSE
0.03,2,5,0.01,250,0.9,2000,0.892807349258335,FALSE
0.05,2,5,0.01,250,0.9,1388,0.893452984969407,FALSE
0.08,2,5,0.01,250,0.9,923,0.893574556471965,FALSE
0.03,3,5,0.01,250,0.9,1824,0.889332515707325,FALSE
0.05,3,5,0.01,250,0.9,1185,0.891979271374524,FALSE
0.08,3,5,0.01,250,0.9,755,0.889872471479189,FALSE
0.03,1,0,0.05,250,0.9,1993,0.894848938102062,FALSE
0.05,1,0,0.05,250,0.9,1093,0.894227512819863,FALSE
0.08,1,0,0.05,250,0.9,1296,0.89602659248592,FALSE
0.03,2,0,0.05,250,0.9,1225,0.896498259074338,FALSE
0.05,2,0,0.05,250,0.9,843,0.896741020629382,FALSE
0.08,2,0,0.05,250,0.9,544,0.895425247891872,FALSE
0.03,3,0,0.05,250,0.9,927,0.893630918406741,FALSE
0.05,3,0,0.05,250,0.9,476,0.893829903642111,FALSE
0.08,3,0,0.05,250,0.9,415,0.89132662643246,FALSE
0.03,1,2,0.05,250,0.9,1996,0.895081083112108,FALSE
0.05,1,2,0.05,250,0.9,1667,0.89431794985874,FALSE
0.08,1,2,0.05,250,0.9,828,0.894611026975987,FALSE
0.03,2,2,0.05,250,0.9,1219,0.895001548144882,FALSE
0.05,2,2,0.05,250,0.9,626,0.896039029723298,FALSE
0.08,2,2,0.05,250,0.9,450,0.897215192577325,FALSE
0.03,3,2,0.05,250,0.9,995,0.895974245892465,FALSE
0.05,3,2,0.05,250,0.9,640,0.89445719909386,FALSE
0.08,3,2,0.05,250,0.9,382,0.892638085409111,FALSE
0.03,1,5,0.05,250,0.9,1985,0.892727392261288,FALSE
0.05,1,5,0.05,250,0.9,1022,0.89125583240836,FALSE
0.08,1,5,0.05,250,0.9,980,0.895405953881335,FALSE
0.03,2,5,0.05,250,0.9,1293,0.894694626620743,FALSE
0.05,2,5,0.05,250,0.9,822,0.895123422958916,FALSE
0.08,2,5,0.05,250,0.9,502,0.894910975913484,FALSE
0.03,3,5,0.05,250,0.9,937,0.894502876892177,FALSE
0.05,3,5,0.05,250,0.9,661,0.893867472933504,FALSE
0.08,3,5,0.05,250,0.9,374,0.89536275881136,FALSE
0.03,1,0,0.08,250,0.9,1994,0.89404353580412,FALSE
0.05,1,0,0.08,250,0.9,1294,0.893614894929994,FALSE
0.08,1,0,0.08,250,0.9,841,0.893038927524257,FALSE
0.03,2,0,0.08,250,0.9,1254,0.896947785564934,FALSE
0.05,2,0,0.08,250,0.9,669,0.895714579183513,FALSE
0.08,2,0,0.08,250,0.9,390,0.894831625522995,FALSE
0.03,3,0,0.08,250,0.9,841,0.895741211224646,FALSE
0.05,3,0,0.08,250,0.9,478,0.895276702894697,FALSE
0.08,3,0,0.08,250,0.9,249,0.892664906895926,FALSE
0.03,1,2,0.08,250,0.9,1995,0.893943948283557,FALSE
0.05,1,2,0.08,250,0.9,1182,0.893597015195214,FALSE
0.08,1,2,0.08,250,0.9,912,0.895069964358108,FALSE
0.03,2,2,0.08,250,0.9,1003,0.896524824642033,FALSE
0.05,2,2,0.08,250,0.9,617,0.894820119123245,FALSE
0.08,2,2,0.08,250,0.9,330,0.892671396255486,FALSE
0.03,3,2,0.08,250,0.9,679,0.894776780992239,FALSE
0.05,3,2,0.08,250,0.9,403,0.89330226170266,FALSE
0.08,3,2,0.08,250,0.9,280,0.894548527964327,FALSE
0.03,1,5,0.08,250,0.9,1949,0.894162283115188,FALSE
0.05,1,5,0.08,250,0.9,1155,0.893006178299224,FALSE
0.08,1,5,0.08,250,0.9,753,0.893323997727619,FALSE
0.03,2,5,0.08,250,0.9,972,0.896040207126846,FALSE
0.05,2,5,0.08,250,0.9,593,0.894716812307932,FALSE
0.08,2,5,0.08,250,0.9,430,0.894278303997743,FALSE
0.03,3,5,0.08,250,0.9,634,0.893737988961734,FALSE
0.05,3,5,0.08,250,0.9,545,0.893093170131266,FALSE
0.08,3,5,0.08,250,0.9,283,0.894038856976662,FALSE
0.03,1,0,0.01,210,1,1999,0.889867764137031,FALSE
0.05,1,0,0.01,210,1,1986,0.892205718712611,FALSE
0.08,1,0,0.01,210,1,910,0.889277138890683,FALSE
0.03,2,0,0.01,210,1,2000,0.892730235302082,FALSE
0.05,2,0,0.01,210,1,1115,0.892467054928513,FALSE
0.08,2,0,0.01,210,1,1140,0.892041339168352,FALSE
0.03,3,0,0.01,210,1,1977,0.89148857097601,FALSE
0.05,3,0,0.01,210,1,1643,0.890012094181716,FALSE
0.08,3,0,0.01,210,1,954,0.89237335714453,FALSE
0.03,1,2,0.01,210,1,1978,0.890370035368246,FALSE
0.05,1,2,0.01,210,1,1949,0.892405985201539,FALSE
0.08,1,2,0.01,210,1,1808,0.894202875222506,FALSE
0.03,2,2,0.01,210,1,2000,0.893091337079885,FALSE
0.05,2,2,0.01,210,1,1755,0.894314566835792,FALSE
0.08,2,2,0.01,210,1,1047,0.892922832832902,FALSE
0.03,3,2,0.01,210,1,1717,0.891521367681039,FALSE
0.05,3,2,0.01,210,1,1315,0.893043924678671,FALSE
0.08,3,2,0.01,210,1,981,0.89215426854538,FALSE
0.03,1,5,0.01,210,1,1882,0.890043216493399,FALSE
0.05,1,5,0.01,210,1,1370,0.891525584100918,FALSE
0.08,1,5,0.01,210,1,1898,0.894296385509548,FALSE
0.03,2,5,0.01,210,1,174,0.876871248659746,FALSE
0.05,2,5,0.01,210,1,1223,0.893973364572838,FALSE
0.08,2,5,0.01,210,1,1252,0.895011571175575,FALSE
0.03,3,5,0.01,210,1,240,0.877621968537903,FALSE
0.05,3,5,0.01,210,1,1323,0.89099020047807,FALSE
0.08,3,5,0.01,210,1,811,0.890180572020624,FALSE
0.03,1,0,0.05,210,1,1981,0.894398532501423,FALSE
0.05,1,0,0.05,210,1,1557,0.89402781761918,FALSE
0.08,1,0,0.05,210,1,955,0.895022096574255,FALSE
0.03,2,0,0.05,210,1,1511,0.89419186739833,FALSE
0.05,2,0,0.05,210,1,1000,0.895474317815591,FALSE
0.08,2,0,0.05,210,1,434,0.893775865498092,FALSE
0.03,3,0,0.05,210,1,931,0.894753405345316,FALSE
0.05,3,0,0.05,210,1,694,0.895686026795165,FALSE
0.08,3,0,0.05,210,1,368,0.892456161612872,FALSE
0.03,1,2,0.05,210,1,2000,0.894223830516297,FALSE
0.05,1,2,0.05,210,1,1780,0.894704564692789,FALSE
0.08,1,2,0.05,210,1,1118,0.896196116052405,FALSE
0.03,2,2,0.05,210,1,1766,0.897365531620002,FALSE
0.05,2,2,0.05,210,1,774,0.894279733012929,FALSE
0.08,2,2,0.05,210,1,527,0.896949801866699,FALSE
0.03,3,2,0.05,210,1,1068,0.892852920330664,FALSE
0.05,3,2,0.05,210,1,657,0.894085241571249,FALSE
0.08,3,2,0.05,210,1,486,0.893850956738422,FALSE
0.03,1,5,0.05,210,1,2000,0.893603324821053,FALSE
0.05,1,5,0.05,210,1,1670,0.893502421352559,FALSE
0.08,1,5,0.05,210,1,1066,0.894267950763362,FALSE
0.03,2,5,0.05,210,1,1393,0.895211595800465,FALSE
0.05,2,5,0.05,210,1,853,0.894270176509958,FALSE
0.08,2,5,0.05,210,1,512,0.893210144407198,FALSE
0.03,3,5,0.05,210,1,908,0.8934810487985,FALSE
0.05,3,5,0.05,210,1,642,0.894837652274966,FALSE
0.08,3,5,0.05,210,1,376,0.892939699575012,FALSE
0.03,1,0,0.08,210,1,1993,0.894699847212445,FALSE
0.05,1,0,0.08,210,1,1485,0.893239335755744,FALSE
0.08,1,0,0.08,210,1,1015,0.893245543923713,FALSE
0.03,2,0,0.08,210,1,1130,0.895831383711364,FALSE
0.05,2,0,0.08,210,1,652,0.894962815874882,FALSE
0.08,2,0,0.08,210,1,406,0.894649045129102,FALSE
0.03,3,0,0.08,210,1,670,0.89529502034772,FALSE
0.05,3,0,0.08,210,1,403,0.892839135559342,FALSE
0.08,3,0,0.08,210,1,308,0.89401187740252,FALSE
0.03,1,2,0.08,210,1,1994,0.894955851746787,FALSE
0.05,1,2,0.08,210,1,1629,0.893857373539023,FALSE
0.08,1,2,0.08,210,1,749,0.894991711565313,FALSE
0.03,2,2,0.08,210,1,1035,0.895354719366607,FALSE
0.05,2,2,0.08,210,1,731,0.895146109190231,FALSE
0.08,2,2,0.08,210,1,441,0.895640557754329,FALSE
0.03,3,2,0.08,210,1,777,0.896198631821024,FALSE
0.05,3,2,0.08,210,1,400,0.894388303422521,FALSE
0.08,3,2,0.08,210,1,264,0.891625894234722,FALSE
0.03,1,5,0.08,210,1,1979,0.894368607099128,FALSE
0.05,1,5,0.08,210,1,1598,0.893253968555458,FALSE
0.08,1,5,0.08,210,1,923,0.894458423274097,FALSE
0.03,2,5,0.08,210,1,945,0.892905257350468,FALSE
0.05,2,5,0.08,210,1,526,0.893715269488459,FALSE
0.08,2,5,0.08,210,1,473,0.895675088588871,FALSE
0.03,3,5,0.08,210,1,864,0.895575244836667,FALSE
0.05,3,5,0.08,210,1,413,0.894031278021002,FALSE
0.08,3,5,0.08,210,1,288,0.895853751896619,FALSE
0.03,1,0,0.01,230,1,314,0.875661921967219,FALSE
0.05,1,0,0.01,230,1,1991,0.8939638596514,FALSE
0.08,1,0,0.01,230,1,1499,0.892074365250455,FALSE
0.03,2,0,0.01,230,1,1675,0.893238348560917,FALSE
0.05,2,0,0.01,230,1,1473,0.893948696581409,FALSE
0.08,2,0,0.01,230,1,1397,0.894303865593006,FALSE
0.03,3,0,0.01,230,1,679,0.883503693743361,FALSE
0.05,3,0,0.01,230,1,1295,0.89128595007898,FALSE
0.08,3,0,0.01,230,1,1083,0.892859210158864,FALSE
0.03,1,2,0.01,230,1,2000,0.889638849881373,FALSE
0.05,1,2,0.01,230,1,1999,0.893038370972062,FALSE
0.08,1,2,0.01,230,1,1320,0.893275214910498,FALSE
0.03,2,2,0.01,230,1,1985,0.892742456980899,FALSE
0.05,2,2,0.01,230,1,721,0.88987043357625,FALSE
0.08,2,2,0.01,230,1,843,0.889884273499768,FALSE
0.03,3,2,0.01,230,1,799,0.88879299317289,FALSE
0.05,3,2,0.01,230,1,779,0.890251133371881,FALSE
0.08,3,2,0.01,230,1,817,0.890611625645017,FALSE
0.03,1,5,0.01,230,1,1968,0.891344944491208,FALSE
0.05,1,5,0.01,230,1,1969,0.891963974870035,FALSE
0.08,1,5,0.01,230,1,1520,0.892654946960554,FALSE
0.03,2,5,0.01,230,1,1979,0.892844921426181,FALSE
0.05,2,5,0.01,230,1,1789,0.89524828781721,FALSE
0.08,2,5,0.01,230,1,913,0.893489199768799,FALSE
0.03,3,5,0.01,230,1,1631,0.891641913388382,FALSE
0.05,3,5,0.01,230,1,1908,0.89198595726825,FALSE
0.08,3,5,0.01,230,1,940,0.892235553577593,FALSE
0.03,1,0,0.05,230,1,1969,0.893839787099,FALSE
0.05,1,0,0.05,230,1,1474,0.894516705508527,FALSE
0.08,1,0,0.05,230,1,839,0.894232890457131,FALSE
0.03,2,0,0.05,230,1,1059,0.893928761159432,FALSE
0.05,2,0,0.05,230,1,1014,0.895299022986851,FALSE
0.08,2,0,0.05,230,1,607,0.896436710151141,FALSE
0.03,3,0,0.05,230,1,1018,0.89432324257957,FALSE
0.05,3,0,0.05,230,1,716,0.894973866307175,FALSE
0.08,3,0,0.05,230,1,420,0.894138321844635,FALSE
0.03,1,2,0.05,230,1,1978,0.892246106879607,FALSE
0.05,1,2,0.05,230,1,1813,0.894519075851331,FALSE
0.08,1,2,0.05,230,1,945,0.893884136550163,FALSE
0.03,2,2,0.05,230,1,1208,0.893939079052158,FALSE
0.05,2,2,0.05,230,1,950,0.894782949567737,FALSE
0.08,2,2,0.05,230,1,577,0.894887978078625,FALSE
0.03,3,2,0.05,230,1,930,0.894129546374699,FALSE
0.05,3,2,0.05,230,1,582,0.893402291290859,FALSE
0.08,3,2,0.05,230,1,388,0.893827141461524,FALSE
0.03,1,5,0.05,230,1,2000,0.894702731152502,FALSE
0.05,1,5,0.05,230,1,1602,0.893330662002471,FALSE
0.08,1,5,0.05,230,1,1029,0.894351752369887,FALSE
0.03,2,5,0.05,230,1,1414,0.896464024418782,FALSE
0.05,2,5,0.05,230,1,928,0.895901986888236,FALSE
0.08,2,5,0.05,230,1,592,0.894954829960871,FALSE
0.03,3,5,0.05,230,1,1013,0.89378502969178,FALSE
0.05,3,5,0.05,230,1,710,0.89262514849173,FALSE
0.08,3,5,0.05,230,1,333,0.895436861186054,FALSE
0.03,1,0,0.08,230,1,1998,0.891832100848828,FALSE
0.05,1,0,0.08,230,1,1339,0.895612815355839,FALSE
0.08,1,0,0.08,230,1,734,0.893072232964284,FALSE
0.03,2,0,0.08,230,1,1016,0.893469192888993,FALSE
0.05,2,0,0.08,230,1,656,0.895380031035797,FALSE
0.08,2,0,0.08,230,1,446,0.89548065374226,FALSE
0.03,3,0,0.08,230,1,711,0.895021718563113,FALSE
0.05,3,0,0.08,230,1,437,0.89532585403577,FALSE
0.08,3,0,0.08,230,1,251,0.892623158625249,FALSE
0.03,1,2,0.08,230,1,2000,0.893975335702511,FALSE
0.05,1,2,0.08,230,1,1659,0.89409213655631,FALSE
0.08,1,2,0.08,230,1,937,0.892545541821882,FALSE
0.03,2,2,0.08,230,1,928,0.896116519959278,FALSE
0.05,2,2,0.08,230,1,713,0.895324039531484,FALSE
0.08,2,2,0.08,230,1,369,0.894071225126317,FALSE
0.03,3,2,0.08,230,1,690,0.893504760582725,FALSE
0.05,3,2,0.08,230,1,478,0.895637775139197,FALSE
0.08,3,2,0.08,230,1,315,0.892514850940703,FALSE
0.03,1,5,0.08,230,1,2000,0.893757974601896,FALSE
0.05,1,5,0.08,230,1,1360,0.894176997058843,FALSE
0.08,1,5,0.08,230,1,994,0.893575137965197,FALSE
0.03,2,5,0.08,230,1,1083,0.895890690553123,FALSE
0.05,2,5,0.08,230,1,638,0.894992373705609,FALSE
0.08,2,5,0.08,230,1,359,0.893986811119832,FALSE
0.03,3,5,0.08,230,1,729,0.896248528189643,FALSE
0.05,3,5,0.08,230,1,335,0.892352814045301,FALSE
0.08,3,5,0.08,230,1,270,0.894199587529286,FALSE
0.03,1,0,0.01,250,1,1979,0.890036557788584,FALSE
0.05,1,0,0.01,250,1,1575,0.89178946625709,FALSE
0.08,1,0,0.01,250,1,1569,0.892103874804002,FALSE
0.03,2,0,0.01,250,1,1977,0.893662211799872,FALSE
0.05,2,0,0.01,250,1,1995,0.89372246842409,FALSE
0.08,2,0,0.01,250,1,591,0.89085981320504,FALSE
0.03,3,0,0.01,250,1,413,0.879748308210699,FALSE
0.05,3,0,0.01,250,1,1486,0.892280326816131,FALSE
0.08,3,0,0.01,250,1,879,0.89171795781791,FALSE
0.03,1,2,0.01,250,1,1996,0.889740723716371,FALSE
0.05,1,2,0.01,250,1,2000,0.891029796620353,FALSE
0.08,1,2,0.01,250,1,1162,0.891314756134032,FALSE
0.03,2,2,0.01,250,1,1999,0.893507571782468,FALSE
0.05,2,2,0.01,250,1,2000,0.89413551963086,FALSE
0.08,2,2,0.01,250,1,896,0.891585715576768,FALSE
0.03,3,2,0.01,250,1,1996,0.892027563763549,FALSE
0.05,3,2,0.01,250,1,1657,0.892048947391537,FALSE
0.08,3,2,0.01,250,1,667,0.890746979054944,FALSE
0.03,1,5,0.01,250,1,1998,0.891301029448675,FALSE
0.05,1,5,0.01,250,1,1907,0.891464965139398,FALSE
0.08,1,5,0.01,250,1,934,0.890062053021458,FALSE
0.03,2,5,0.01,250,1,1995,0.892816131195183,FALSE
0.05,2,5,0.01,250,1,1246,0.892871442579382,FALSE
0.08,2,5,0.01,250,1,600,0.892004467293793,FALSE
0.03,3,5,0.01,250,1,1913,0.891194363310332,FALSE
0.05,3,5,0.01,250,1,632,0.88685884482197,FALSE
0.08,3,5,0.01,250,1,727,0.889426744283706,FALSE
0.03,1,0,0.05,250,1,2000,0.894786088874617,FALSE
0.05,1,0,0.05,250,1,1426,0.896243388072609,FALSE
0.08,1,0,0.05,250,1,986,0.892587038093604,FALSE
0.03,2,0,0.05,250,1,1403,0.895545665393697,FALSE
0.05,2,0,0.05,250,1,843,0.895555620221373,FALSE
0.08,2,0,0.05,250,1,670,0.896321520326763,FALSE
0.03,3,0,0.05,250,1,1122,0.895086601298831,FALSE
0.05,3,0,0.05,250,1,717,0.893232589508852,FALSE
0.08,3,0,0.05,250,1,470,0.896356874522071,FALSE
0.03,1,2,0.05,250,1,1973,0.893904525906931,FALSE
0.05,1,2,0.05,250,1,1652,0.893347827297279,FALSE
0.08,1,2,0.05,250,1,1048,0.893131299289722,FALSE
0.03,2,2,0.05,250,1,1600,0.894193992752557,FALSE
0.05,2,2,0.05,250,1,866,0.896205525309986,FALSE
0.08,2,2,0.05,250,1,596,0.897054851772844,FALSE
0.03,3,2,0.05,250,1,1227,0.895032129048267,FALSE
0.05,3,2,0.05,250,1,642,0.893521144542795,FALSE
0.08,3,2,0.05,250,1,452,0.894360466666272,FALSE
0.03,1,5,0.05,250,1,1978,0.892644981259417,FALSE
0.05,1,5,0.05,250,1,1401,0.8952776988764,FALSE
0.08,1,5,0.05,250,1,1029,0.89480929841729,FALSE
0.03,2,5,0.05,250,1,1216,0.894712321958023,FALSE
0.05,2,5,0.05,250,1,689,0.896131935239392,FALSE
0.08,2,5,0.05,250,1,495,0.896589678753062,FALSE
0.03,3,5,0.05,250,1,807,0.89355724663442,FALSE
0.05,3,5,0.05,250,1,630,0.894072462608852,FALSE
0.08,3,5,0.05,250,1,378,0.894652048441991,FALSE
0.03,1,0,0.08,250,1,1993,0.893273263106159,FALSE
0.05,1,0,0.08,250,1,1394,0.892049506729346,FALSE
0.08,1,0,0.08,250,1,1126,0.895425070217186,FALSE
0.03,2,0,0.08,250,1,985,0.8960104561181,FALSE
0.05,2,0,0.08,250,1,628,0.896405513848729,FALSE
0.08,2,0,0.08,250,1,387,0.893296751626077,FALSE
0.03,3,0,0.08,250,1,822,0.895095722205211,FALSE
0.05,3,0,0.08,250,1,559,0.895993468408934,FALSE
0.08,3,0,0.08,250,1,296,0.89463909237841,FALSE
0.03,1,2,0.08,250,1,2000,0.893757070845671,FALSE
0.05,1,2,0.08,250,1,1385,0.893769866118155,FALSE
0.08,1,2,0.08,250,1,959,0.894412848761335,FALSE
0.03,2,2,0.08,250,1,939,0.895780462681815,FALSE
0.05,2,2,0.08,250,1,641,0.893836015733648,FALSE
0.08,2,2,0.08,250,1,374,0.895555298045669,FALSE
0.03,3,2,0.08,250,1,646,0.893793861295263,FALSE
0.05,3,2,0.08,250,1,322,0.893150558772122,FALSE
0.08,3,2,0.08,250,1,295,0.894127148248984,FALSE
0.03,1,5,0.08,250,1,1989,0.892106643007385,FALSE
0.05,1,5,0.08,250,1,1510,0.894967701084007,FALSE
0.08,1,5,0.08,250,1,1115,0.894656876831557,FALSE
0.03,2,5,0.08,250,1,1089,0.897286585995295,FALSE
0.05,2,5,0.08,250,1,717,0.894003022387942,FALSE
0.08,2,5,0.08,250,1,472,0.896384376414749,FALSE
0.03,3,5,0.08,250,1,687,0.894524407015207,FALSE
0.05,3,5,0.08,250,1,426,0.895336446287596,FALSE
0.08,3,5,0.08,250,1,289,0.89489962341783,FALSE
