eta,subsample,max_depth,gamma,colsample_bytree,min_child_weight,Best_Nrounds,Mean_AUC,Interior
0.02,0.6,1,0,0.6,0,131,0.80985921,FALSE
0.05,0.6,1,0,0.6,0,698,0.89462222,FALSE
0.1,0.6,1,0,0.6,0,460,0.895333326,FALSE
0.4,0.6,1,0,0.6,0,92,0.893902747,FALSE
0.02,0.7,1,0,0.6,0,176,0.807924909,FALSE
0.05,0.7,1,0,0.6,0,698,0.89487841,TRUE
0.1,0.7,1,0,0.6,0,426,0.896301931,TRUE
0.4,0.7,1,0,0.6,0,140,0.89719366,FALSE
0.02,0.8,1,0,0.6,0,32,0.797261024,FALSE
0.05,0.8,1,0,0.6,0,698,0.895027779,FALSE
0.1,0.8,1,0,0.6,0,473,0.895408812,FALSE
0.4,0.8,1,0,0.6,0,89,0.892906719,FALSE
0.02,0.6,2,0,0.6,0,700,0.8933807,FALSE
0.05,0.6,2,0,0.6,0,359,0.894314043,FALSE
0.1,0.6,2,0,0.6,0,248,0.895233638,FALSE
0.4,0.6,2,0,0.6,0,67,0.887475733,FALSE
0.02,0.7,2,0,0.6,0,700,0.891275987,FALSE
0.05,0.7,2,0,0.6,0,467,0.896599346,TRUE
0.1,0.7,2,0,0.6,0,287,0.896149962,TRUE
0.4,0.7,2,0,0.6,0,56,0.889550755,FALSE
0.02,0.8,2,0,0.6,0,700,0.892050923,FALSE
0.05,0.8,2,0,0.6,0,403,0.894267266,FALSE
0.1,0.8,2,0,0.6,0,285,0.8954536,FALSE
0.4,0.8,2,0,0.6,0,68,0.891650484,FALSE
0.02,0.6,3,0,0.6,0,685,0.894490539,FALSE
0.05,0.6,3,0,0.6,0,328,0.892014006,FALSE
0.1,0.6,3,0,0.6,0,131,0.894086511,FALSE
0.4,0.6,3,0,0.6,0,34,0.885605073,FALSE
0.02,0.7,3,0,0.6,0,700,0.896851487,FALSE
0.05,0.7,3,0,0.6,0,308,0.895591286,TRUE
0.1,0.7,3,0,0.6,0,162,0.89204053,TRUE
0.4,0.7,3,0,0.6,0,35,0.883236602,FALSE
0.02,0.8,3,0,0.6,0,700,0.895168227,FALSE
0.05,0.8,3,0,0.6,0,297,0.892245009,FALSE
0.1,0.8,3,0,0.6,0,201,0.891862035,FALSE
0.4,0.8,3,0,0.6,0,46,0.88527053,FALSE
0.02,0.6,1,1,0.6,0,118,0.809396917,FALSE
0.05,0.6,1,1,0.6,0,700,0.893499975,FALSE
0.1,0.6,1,1,0.6,0,381,0.895775372,FALSE
0.4,0.6,1,1,0.6,0,100,0.89297977,FALSE
0.02,0.7,1,1,0.6,0,32,0.798073231,FALSE
0.05,0.7,1,1,0.6,0,697,0.895235557,TRUE
0.1,0.7,1,1,0.6,0,414,0.894430883,TRUE
0.4,0.7,1,1,0.6,0,135,0.89622116,FALSE
0.02,0.8,1,1,0.6,0,47,0.805030429,FALSE
0.05,0.8,1,1,0.6,0,700,0.894277598,FALSE
0.1,0.8,1,1,0.6,0,20,0.790729221,FALSE
0.4,0.8,1,1,0.6,0,159,0.893289317,FALSE
0.02,0.6,2,1,0.6,0,700,0.893310364,FALSE
0.05,0.6,2,1,0.6,0,486,0.896176489,FALSE
0.1,0.6,2,1,0.6,0,235,0.894614041,FALSE
0.4,0.6,2,1,0.6,0,47,0.891139441,FALSE
0.02,0.7,2,1,0.6,0,699,0.892483702,FALSE
0.05,0.7,2,1,0.6,0,359,0.894988271,TRUE
0.1,0.7,2,1,0.6,0,267,0.895280435,TRUE
0.4,0.7,2,1,0.6,0,53,0.891853631,FALSE
0.02,0.8,2,1,0.6,0,103,0.824002831,FALSE
0.05,0.8,2,1,0.6,0,524,0.895778412,FALSE
0.1,0.8,2,1,0.6,0,204,0.894553901,FALSE
0.4,0.8,2,1,0.6,0,69,0.893053561,FALSE
0.02,0.6,3,1,0.6,0,698,0.895944091,FALSE
0.05,0.6,3,1,0.6,0,339,0.892907282,FALSE
0.1,0.6,3,1,0.6,0,171,0.891517108,FALSE
0.4,0.6,3,1,0.6,0,36,0.884359986,FALSE
0.02,0.7,3,1,0.6,0,68,0.837780525,FALSE
0.05,0.7,3,1,0.6,0,328,0.895155405,TRUE
0.1,0.7,3,1,0.6,0,167,0.893660056,TRUE
0.4,0.7,3,1,0.6,0,40,0.882946555,FALSE
0.02,0.8,3,1,0.6,0,700,0.894036254,FALSE
0.05,0.8,3,1,0.6,0,324,0.893146001,FALSE
0.1,0.8,3,1,0.6,0,158,0.892350615,FALSE
0.4,0.8,3,1,0.6,0,37,0.884535482,FALSE
0.02,0.6,1,2,0.6,0,173,0.811411608,FALSE
0.05,0.6,1,2,0.6,0,635,0.894303962,FALSE
0.1,0.6,1,2,0.6,0,385,0.893937985,FALSE
0.4,0.6,1,2,0.6,0,137,0.895275602,FALSE
0.02,0.7,1,2,0.6,0,100,0.807722754,FALSE
0.05,0.7,1,2,0.6,0,691,0.894340018,TRUE
0.1,0.7,1,2,0.6,0,354,0.893206176,TRUE
0.4,0.7,1,2,0.6,0,137,0.89294448,FALSE
0.02,0.8,1,2,0.6,0,69,0.808361118,FALSE
0.05,0.8,1,2,0.6,0,54,0.799615393,FALSE
0.1,0.8,1,2,0.6,0,459,0.895226795,FALSE
0.4,0.8,1,2,0.6,0,144,0.894758247,FALSE
0.02,0.6,2,2,0.6,0,700,0.891642163,FALSE
0.05,0.6,2,2,0.6,0,386,0.895773081,FALSE
0.1,0.6,2,2,0.6,0,242,0.895368607,FALSE
0.4,0.6,2,2,0.6,0,46,0.890736574,FALSE
0.02,0.7,2,2,0.6,0,700,0.891395456,FALSE
0.05,0.7,2,2,0.6,0,473,0.896946314,TRUE
0.1,0.7,2,2,0.6,0,238,0.896469906,TRUE
0.4,0.7,2,2,0.6,0,50,0.889331195,FALSE
0.02,0.8,2,2,0.6,0,700,0.892348536,FALSE
0.05,0.8,2,2,0.6,0,491,0.894562957,FALSE
0.1,0.8,2,2,0.6,0,195,0.894816688,FALSE
0.4,0.8,2,2,0.6,0,52,0.889659145,FALSE
0.02,0.6,3,2,0.6,0,694,0.89494613,FALSE
0.05,0.6,3,2,0.6,0,310,0.893921549,FALSE
0.1,0.6,3,2,0.6,0,150,0.894082747,FALSE
0.4,0.6,3,2,0.6,0,33,0.885216773,FALSE
0.02,0.7,3,2,0.6,0,700,0.894595279,FALSE
0.05,0.7,3,2,0.6,0,334,0.893991588,TRUE
0.1,0.7,3,2,0.6,0,163,0.892383361,TRUE
0.4,0.7,3,2,0.6,0,33,0.884642838,FALSE
0.02,0.8,3,2,0.6,0,65,0.832332921,FALSE
0.05,0.8,3,2,0.6,0,279,0.894028782,FALSE
0.1,0.8,3,2,0.6,0,149,0.892513844,FALSE
0.4,0.8,3,2,0.6,0,31,0.883805757,FALSE
0.02,0.6,1,0,0.7,0,95,0.795843595,FALSE
0.05,0.6,1,0,0.7,0,700,0.895551059,FALSE
0.1,0.6,1,0,0.7,0,371,0.895307223,FALSE
0.4,0.6,1,0,0.7,0,104,0.893282296,FALSE
0.02,0.7,1,0,0.7,0,55,0.799047241,FALSE
0.05,0.7,1,0,0.7,0,698,0.893631543,TRUE
0.1,0.7,1,0,0.7,0,500,0.89547726,TRUE
0.4,0.7,1,0,0.7,0,142,0.895310416,FALSE
0.02,0.8,1,0,0.7,0,59,0.79193776,FALSE
0.05,0.8,1,0,0.7,0,699,0.894722792,FALSE
0.1,0.8,1,0,0.7,0,482,0.896415817,FALSE
0.4,0.8,1,0,0.7,0,146,0.896173548,FALSE
0.02,0.6,2,0,0.7,0,111,0.820109164,FALSE
0.05,0.6,2,0,0.7,0,449,0.896567869,FALSE
0.1,0.6,2,0,0.7,0,228,0.895693488,FALSE
0.4,0.6,2,0,0.7,0,49,0.890340314,FALSE
0.02,0.7,2,0,0.7,0,700,0.89294135,FALSE
0.05,0.7,2,0,0.7,0,420,0.895428513,TRUE
0.1,0.7,2,0,0.7,0,236,0.894594042,TRUE
0.4,0.7,2,0,0.7,0,55,0.887940768,FALSE
0.02,0.8,2,0,0.7,0,72,0.816177266,FALSE
0.05,0.8,2,0,0.7,0,459,0.895690395,FALSE
0.1,0.8,2,0,0.7,0,251,0.897426585,FALSE
0.4,0.8,2,0,0.7,0,57,0.891534633,FALSE
0.02,0.6,3,0,0.7,0,686,0.894961307,FALSE
0.05,0.6,3,0,0.7,0,287,0.893776785,FALSE
0.1,0.6,3,0,0.7,0,151,0.892525475,FALSE
0.4,0.6,3,0,0.7,0,35,0.883311016,FALSE
0.02,0.7,3,0,0.7,0,700,0.892980801,FALSE
0.05,0.7,3,0,0.7,0,246,0.893621514,TRUE
0.1,0.7,3,0,0.7,0,179,0.891644799,TRUE
0.4,0.7,3,0,0.7,0,43,0.882252633,FALSE
0.02,0.8,3,0,0.7,0,699,0.894092033,FALSE
0.05,0.8,3,0,0.7,0,311,0.894045321,FALSE
0.1,0.8,3,0,0.7,0,166,0.891955938,FALSE
0.4,0.8,3,0,0.7,0,38,0.884552146,FALSE
0.02,0.6,1,1,0.7,0,48,0.795721458,FALSE
0.05,0.6,1,1,0.7,0,700,0.894332055,FALSE
0.1,0.6,1,1,0.7,0,343,0.893641547,FALSE
0.4,0.6,1,1,0.7,0,83,0.894418514,FALSE
0.02,0.7,1,1,0.7,0,23,0.785696277,FALSE
0.05,0.7,1,1,0.7,0,700,0.894715815,TRUE
0.1,0.7,1,1,0.7,0,549,0.898002936,TRUE
0.4,0.7,1,1,0.7,0,149,0.894119106,FALSE
0.02,0.8,1,1,0.7,0,67,0.790891329,FALSE
0.05,0.8,1,1,0.7,0,699,0.893567338,FALSE
0.1,0.8,1,1,0.7,0,380,0.894780622,FALSE
0.4,0.8,1,1,0.7,0,133,0.895554475,FALSE
0.02,0.6,2,1,0.7,0,700,0.890930087,FALSE
0.05,0.6,2,1,0.7,0,442,0.897780929,FALSE
0.1,0.6,2,1,0.7,0,267,0.89652152,FALSE
0.4,0.6,2,1,0.7,0,59,0.886271088,FALSE
0.02,0.7,2,1,0.7,0,700,0.892098195,FALSE
0.05,0.7,2,1,0.7,0,464,0.896148504,TRUE
0.1,0.7,2,1,0.7,0,263,0.896155047,TRUE
0.4,0.7,2,1,0.7,0,64,0.890165791,FALSE
0.02,0.8,2,1,0.7,0,700,0.891352511,FALSE
0.05,0.8,2,1,0.7,0,458,0.895380574,FALSE
0.1,0.8,2,1,0.7,0,245,0.897391987,FALSE
0.4,0.8,2,1,0.7,0,61,0.890618133,FALSE
0.02,0.6,3,1,0.7,0,695,0.894268619,FALSE
0.05,0.6,3,1,0.7,0,359,0.894369118,FALSE
0.1,0.6,3,1,0.7,0,147,0.894460103,FALSE
0.4,0.6,3,1,0.7,0,35,0.884380019,FALSE
0.02,0.7,3,1,0.7,0,678,0.894085267,FALSE
0.05,0.7,3,1,0.7,0,291,0.894014829,TRUE
0.1,0.7,3,1,0.7,0,139,0.892968025,TRUE
0.4,0.7,3,1,0.7,0,34,0.884481346,FALSE
0.02,0.8,3,1,0.7,0,700,0.894414601,FALSE
0.05,0.8,3,1,0.7,0,352,0.892390092,FALSE
0.1,0.8,3,1,0.7,0,179,0.892209429,FALSE
0.4,0.8,3,1,0.7,0,32,0.882508509,FALSE
0.02,0.6,1,2,0.7,0,80,0.800376426,FALSE
0.05,0.6,1,2,0.7,0,13,0.792065272,FALSE
0.1,0.6,1,2,0.7,0,481,0.896384211,FALSE
0.4,0.6,1,2,0.7,0,140,0.894018037,FALSE
0.02,0.7,1,2,0.7,0,117,0.805152987,FALSE
0.05,0.7,1,2,0.7,0,700,0.895114891,TRUE
0.1,0.7,1,2,0.7,0,434,0.89583928,TRUE
0.4,0.7,1,2,0.7,0,140,0.89425691,FALSE
0.02,0.8,1,2,0.7,0,62,0.793996675,FALSE
0.05,0.8,1,2,0.7,0,700,0.894278708,FALSE
0.1,0.8,1,2,0.7,0,495,0.895785546,FALSE
0.4,0.8,1,2,0.7,0,108,0.894793573,FALSE
0.02,0.6,2,2,0.7,0,698,0.892294805,FALSE
0.05,0.6,2,2,0.7,0,397,0.895263212,FALSE
0.1,0.6,2,2,0.7,0,184,0.896089566,FALSE
0.4,0.6,2,2,0.7,0,70,0.889551032,FALSE
0.02,0.7,2,2,0.7,0,700,0.891389827,FALSE
0.05,0.7,2,2,0.7,0,441,0.896785991,TRUE
0.1,0.7,2,2,0.7,0,244,0.895143183,TRUE
0.4,0.7,2,2,0.7,0,46,0.887177329,FALSE
0.02,0.8,2,2,0.7,0,700,0.891887781,FALSE
0.05,0.8,2,2,0.7,0,504,0.895542949,FALSE
0.1,0.8,2,2,0.7,0,237,0.896147931,FALSE
0.4,0.8,2,2,0.7,0,67,0.890851477,FALSE
0.02,0.6,3,2,0.7,0,695,0.89502099,FALSE
0.05,0.6,3,2,0.7,0,357,0.895087794,FALSE
0.1,0.6,3,2,0.7,0,147,0.893046851,FALSE
0.4,0.6,3,2,0.7,0,32,0.884656145,FALSE
0.02,0.7,3,2,0.7,0,686,0.895686941,FALSE
0.05,0.7,3,2,0.7,0,333,0.894369979,TRUE
0.1,0.7,3,2,0.7,0,170,0.895036066,TRUE
0.4,0.7,3,2,0.7,0,38,0.882178634,FALSE
0.02,0.8,3,2,0.7,0,700,0.893101172,FALSE
0.05,0.8,3,2,0.7,0,342,0.895007428,FALSE
0.1,0.8,3,2,0.7,0,162,0.891730446,FALSE
0.4,0.8,3,2,0.7,0,27,0.884654527,FALSE
0.02,0.6,1,0,0.8,0,117,0.789699442,FALSE
0.05,0.6,1,0,0.8,0,695,0.895227921,FALSE
0.1,0.6,1,0,0.8,0,421,0.897971175,FALSE
0.4,0.6,1,0,0.8,0,96,0.895425359,FALSE
0.02,0.7,1,0,0.8,0,90,0.789450499,FALSE
0.05,0.7,1,0,0.8,0,694,0.893514636,TRUE
0.1,0.7,1,0,0.8,0,519,0.895773086,TRUE
0.4,0.7,1,0,0.8,0,128,0.893558375,FALSE
0.02,0.8,1,0,0.8,0,25,0.737626717,FALSE
0.05,0.8,1,0,0.8,0,15,0.759952024,FALSE
0.1,0.8,1,0,0.8,0,330,0.892780965,FALSE
0.4,0.8,1,0,0.8,0,164,0.896381125,FALSE
0.02,0.6,2,0,0.8,0,98,0.817114822,FALSE
0.05,0.6,2,0,0.8,0,470,0.89602957,FALSE
0.1,0.6,2,0,0.8,0,234,0.894259861,FALSE
0.4,0.6,2,0,0.8,0,37,0.888908556,FALSE
0.02,0.7,2,0,0.8,0,96,0.817700014,FALSE
0.05,0.7,2,0,0.8,0,455,0.89545302,TRUE
0.1,0.7,2,0,0.8,0,265,0.896667799,TRUE
0.4,0.7,2,0,0.8,0,54,0.892004585,FALSE
0.02,0.8,2,0,0.8,0,176,0.823347194,FALSE
0.05,0.8,2,0,0.8,0,435,0.895554096,FALSE
0.1,0.8,2,0,0.8,0,254,0.892675542,FALSE
0.4,0.8,2,0,0.8,0,50,0.886537293,FALSE
0.02,0.6,3,0,0.8,0,623,0.893496958,FALSE
0.05,0.6,3,0,0.8,0,299,0.896460412,FALSE
0.1,0.6,3,0,0.8,0,161,0.893136228,FALSE
0.4,0.6,3,0,0.8,0,30,0.885296226,FALSE
0.02,0.7,3,0,0.8,0,700,0.894465721,FALSE
0.05,0.7,3,0,0.8,0,370,0.893490207,TRUE
0.1,0.7,3,0,0.8,0,151,0.892514172,TRUE
0.4,0.7,3,0,0.8,0,31,0.884221768,FALSE
0.02,0.8,3,0,0.8,0,700,0.894320995,FALSE
0.05,0.8,3,0,0.8,0,309,0.894218685,FALSE
0.1,0.8,3,0,0.8,0,134,0.89228131,FALSE
0.4,0.8,3,0,0.8,0,40,0.884440417,FALSE
0.02,0.6,1,1,0.8,0,81,0.789935529,FALSE
0.05,0.6,1,1,0.8,0,21,0.772952174,FALSE
0.1,0.6,1,1,0.8,0,388,0.894570465,FALSE
0.4,0.6,1,1,0.8,0,106,0.894258389,FALSE
0.02,0.7,1,1,0.8,0,47,0.792018799,FALSE
0.05,0.7,1,1,0.8,0,609,0.892813797,TRUE
0.1,0.7,1,1,0.8,0,320,0.893622554,TRUE
0.4,0.7,1,1,0.8,0,107,0.894824815,FALSE
0.02,0.8,1,1,0.8,0,119,0.793925252,FALSE
0.05,0.8,1,1,0.8,0,700,0.893198506,FALSE
0.1,0.8,1,1,0.8,0,559,0.895789679,FALSE
0.4,0.8,1,1,0.8,0,108,0.896028293,FALSE
0.02,0.6,2,1,0.8,0,699,0.892528658,FALSE
0.05,0.6,2,1,0.8,0,435,0.896522388,FALSE
0.1,0.6,2,1,0.8,0,270,0.896908166,FALSE
0.4,0.6,2,1,0.8,0,58,0.88977515,FALSE
0.02,0.7,2,1,0.8,0,700,0.892702473,FALSE
0.05,0.7,2,1,0.8,0,452,0.895832419,TRUE
0.1,0.7,2,1,0.8,0,289,0.895941727,TRUE
0.4,0.7,2,1,0.8,0,47,0.887356089,FALSE
0.02,0.8,2,1,0.8,0,700,0.890632755,FALSE
0.05,0.8,2,1,0.8,0,420,0.89500905,FALSE
0.1,0.8,2,1,0.8,0,172,0.892629667,FALSE
0.4,0.8,2,1,0.8,0,62,0.889697202,FALSE
0.02,0.6,3,1,0.8,0,697,0.896185618,FALSE
0.05,0.6,3,1,0.8,0,359,0.896252209,FALSE
0.1,0.6,3,1,0.8,0,172,0.893244137,FALSE
0.4,0.6,3,1,0.8,0,30,0.880408532,FALSE
0.02,0.7,3,1,0.8,0,700,0.895996535,FALSE
0.05,0.7,3,1,0.8,0,278,0.894008066,TRUE
0.1,0.7,3,1,0.8,0,163,0.8945614,TRUE
0.4,0.7,3,1,0.8,0,35,0.883370244,FALSE
0.02,0.8,3,1,0.8,0,648,0.89264266,FALSE
0.05,0.8,3,1,0.8,0,353,0.89357984,FALSE
0.1,0.8,3,1,0.8,0,175,0.892909588,FALSE
0.4,0.8,3,1,0.8,0,31,0.885712548,FALSE
0.02,0.6,1,2,0.8,0,51,0.794077769,FALSE
0.05,0.6,1,2,0.8,0,34,0.792307765,FALSE
0.1,0.6,1,2,0.8,0,430,0.896834794,FALSE
0.4,0.6,1,2,0.8,0,124,0.893487171,FALSE
0.02,0.7,1,2,0.8,0,106,0.795824284,FALSE
0.05,0.7,1,2,0.8,0,54,0.787286005,TRUE
0.1,0.7,1,2,0.8,0,422,0.896064654,TRUE
0.4,0.7,1,2,0.8,0,89,0.894659073,FALSE
0.02,0.8,1,2,0.8,0,45,0.790078336,FALSE
0.05,0.8,1,2,0.8,0,692,0.892088914,FALSE
0.1,0.8,1,2,0.8,0,462,0.896254801,FALSE
0.4,0.8,1,2,0.8,0,131,0.894775043,FALSE
0.02,0.6,2,2,0.8,0,120,0.819646902,FALSE
0.05,0.6,2,2,0.8,0,417,0.89605492,FALSE
0.1,0.6,2,2,0.8,0,209,0.895477811,FALSE
0.4,0.6,2,2,0.8,0,38,0.888047682,FALSE
0.02,0.7,2,2,0.8,0,700,0.892790045,FALSE
0.05,0.7,2,2,0.8,0,404,0.896830567,TRUE
0.1,0.7,2,2,0.8,0,232,0.895135287,TRUE
0.4,0.7,2,2,0.8,0,63,0.889502632,FALSE
0.02,0.8,2,2,0.8,0,128,0.820600726,FALSE
0.05,0.8,2,2,0.8,0,479,0.895076387,FALSE
0.1,0.8,2,2,0.8,0,219,0.894851077,FALSE
0.4,0.8,2,2,0.8,0,56,0.892393622,FALSE
0.02,0.6,3,2,0.8,0,700,0.893495104,FALSE
0.05,0.6,3,2,0.8,0,265,0.890282411,FALSE
0.1,0.6,3,2,0.8,0,141,0.890707789,FALSE
0.4,0.6,3,2,0.8,0,29,0.886779075,FALSE
0.02,0.7,3,2,0.8,0,700,0.895569057,FALSE
0.05,0.7,3,2,0.8,0,310,0.892590456,TRUE
0.1,0.7,3,2,0.8,0,144,0.893696289,TRUE
0.4,0.7,3,2,0.8,0,35,0.885025557,FALSE
0.02,0.8,3,2,0.8,0,700,0.894197491,FALSE
0.05,0.8,3,2,0.8,0,287,0.893073213,FALSE
0.1,0.8,3,2,0.8,0,190,0.892321411,FALSE
0.4,0.8,3,2,0.8,0,37,0.882422971,FALSE
0.02,0.6,1,0,0.6,1,60,0.804502608,FALSE
0.05,0.6,1,0,0.6,1,695,0.894200284,FALSE
0.1,0.6,1,0,0.6,1,384,0.894513378,FALSE
0.4,0.6,1,0,0.6,1,110,0.894587869,FALSE
0.02,0.7,1,0,0.6,1,700,0.879563308,FALSE
0.05,0.7,1,0,0.6,1,60,0.808236583,TRUE
0.1,0.7,1,0,0.6,1,376,0.895543679,TRUE
0.4,0.7,1,0,0.6,1,132,0.894124688,FALSE
0.02,0.8,1,0,0.6,1,167,0.80992051,FALSE
0.05,0.8,1,0,0.6,1,50,0.80433927,FALSE
0.1,0.8,1,0,0.6,1,439,0.89553573,FALSE
0.4,0.8,1,0,0.6,1,127,0.896366497,FALSE
0.02,0.6,2,0,0.6,1,69,0.8217439,FALSE
0.05,0.6,2,0,0.6,1,451,0.895265633,FALSE
0.1,0.6,2,0,0.6,1,187,0.895370855,FALSE
0.4,0.6,2,0,0.6,1,56,0.889385994,FALSE
0.02,0.7,2,0,0.6,1,700,0.891057372,FALSE
0.05,0.7,2,0,0.6,1,521,0.89678035,TRUE
0.1,0.7,2,0,0.6,1,243,0.894267957,TRUE
0.4,0.7,2,0,0.6,1,53,0.891349665,FALSE
0.02,0.8,2,0,0.6,1,700,0.892331795,FALSE
0.05,0.8,2,0,0.6,1,391,0.895566714,FALSE
0.1,0.8,2,0,0.6,1,245,0.893858242,FALSE
0.4,0.8,2,0,0.6,1,49,0.888845328,FALSE
0.02,0.6,3,0,0.6,1,700,0.89475757,FALSE
0.05,0.6,3,0,0.6,1,299,0.894891059,FALSE
0.1,0.6,3,0,0.6,1,130,0.890494978,FALSE
0.4,0.6,3,0,0.6,1,41,0.885198886,FALSE
0.02,0.7,3,0,0.6,1,700,0.8942309,FALSE
0.05,0.7,3,0,0.6,1,306,0.894256376,TRUE
0.1,0.7,3,0,0.6,1,181,0.892603433,TRUE
0.4,0.7,3,0,0.6,1,27,0.882547407,FALSE
0.02,0.8,3,0,0.6,1,58,0.835138624,FALSE
0.05,0.8,3,0,0.6,1,333,0.894248591,FALSE
0.1,0.8,3,0,0.6,1,165,0.892491508,FALSE
0.4,0.8,3,0,0.6,1,30,0.884011235,FALSE
0.02,0.6,1,1,0.6,1,74,0.80437124,FALSE
0.05,0.6,1,1,0.6,1,672,0.895057175,FALSE
0.1,0.6,1,1,0.6,1,447,0.89654683,FALSE
0.4,0.6,1,1,0.6,1,142,0.894980574,FALSE
0.02,0.7,1,1,0.6,1,38,0.798162289,FALSE
0.05,0.7,1,1,0.6,1,700,0.893803532,TRUE
0.1,0.7,1,1,0.6,1,380,0.895352956,TRUE
0.4,0.7,1,1,0.6,1,106,0.893760038,FALSE
0.02,0.8,1,1,0.6,1,98,0.800114864,FALSE
0.05,0.8,1,1,0.6,1,700,0.893682923,FALSE
0.1,0.8,1,1,0.6,1,423,0.894713594,FALSE
0.4,0.8,1,1,0.6,1,123,0.893923154,FALSE
0.02,0.6,2,1,0.6,1,698,0.8929626,FALSE
0.05,0.6,2,1,0.6,1,421,0.89400806,FALSE
0.1,0.6,2,1,0.6,1,213,0.895878283,FALSE
0.4,0.6,2,1,0.6,1,46,0.888352215,FALSE
0.02,0.7,2,1,0.6,1,122,0.824413532,FALSE
0.05,0.7,2,1,0.6,1,401,0.895678725,TRUE
0.1,0.7,2,1,0.6,1,285,0.89434123,TRUE
0.4,0.7,2,1,0.6,1,57,0.89089181,FALSE
0.02,0.8,2,1,0.6,1,112,0.823375127,FALSE
0.05,0.8,2,1,0.6,1,476,0.895760898,FALSE
0.1,0.8,2,1,0.6,1,183,0.892116067,FALSE
0.4,0.8,2,1,0.6,1,48,0.889631125,FALSE
0.02,0.6,3,1,0.6,1,694,0.896271024,FALSE
0.05,0.6,3,1,0.6,1,293,0.8948185,FALSE
0.1,0.6,3,1,0.6,1,134,0.895007671,FALSE
0.4,0.6,3,1,0.6,1,30,0.885677852,FALSE
0.02,0.7,3,1,0.6,1,697,0.893247336,FALSE
0.05,0.7,3,1,0.6,1,285,0.895014288,TRUE
0.1,0.7,3,1,0.6,1,122,0.895488332,TRUE
0.4,0.7,3,1,0.6,1,38,0.884973053,FALSE
0.02,0.8,3,1,0.6,1,692,0.894580573,FALSE
0.05,0.8,3,1,0.6,1,304,0.892808826,FALSE
0.1,0.8,3,1,0.6,1,155,0.893611263,FALSE
0.4,0.8,3,1,0.6,1,32,0.889833501,FALSE
0.02,0.6,1,2,0.6,1,99,0.808449768,FALSE
0.05,0.6,1,2,0.6,1,700,0.894410121,FALSE
0.1,0.6,1,2,0.6,1,433,0.895538904,FALSE
0.4,0.6,1,2,0.6,1,139,0.896895095,FALSE
0.02,0.7,1,2,0.6,1,60,0.805341615,FALSE
0.05,0.7,1,2,0.6,1,700,0.89463154,TRUE
0.1,0.7,1,2,0.6,1,455,0.89490908,TRUE
0.4,0.7,1,2,0.6,1,126,0.895046726,FALSE
0.02,0.8,1,2,0.6,1,112,0.81033095,FALSE
0.05,0.8,1,2,0.6,1,694,0.895530461,FALSE
0.1,0.8,1,2,0.6,1,493,0.897002184,FALSE
0.4,0.8,1,2,0.6,1,134,0.89438704,FALSE
0.02,0.6,2,2,0.6,1,700,0.892590852,FALSE
0.05,0.6,2,2,0.6,1,425,0.896077499,FALSE
0.1,0.6,2,2,0.6,1,228,0.894593498,FALSE
0.4,0.6,2,2,0.6,1,54,0.887425772,FALSE
0.02,0.7,2,2,0.6,1,700,0.892520708,FALSE
0.05,0.7,2,2,0.6,1,537,0.897112071,TRUE
0.1,0.7,2,2,0.6,1,239,0.893978632,TRUE
0.4,0.7,2,2,0.6,1,65,0.886438619,FALSE
0.02,0.8,2,2,0.6,1,98,0.82283097,FALSE
0.05,0.8,2,2,0.6,1,470,0.894567356,FALSE
0.1,0.8,2,2,0.6,1,259,0.894559454,FALSE
0.4,0.8,2,2,0.6,1,69,0.891839605,FALSE
0.02,0.6,3,2,0.6,1,690,0.895567462,FALSE
0.05,0.6,3,2,0.6,1,305,0.894233093,FALSE
0.1,0.6,3,2,0.6,1,162,0.892709479,FALSE
0.4,0.6,3,2,0.6,1,36,0.880827564,FALSE
0.02,0.7,3,2,0.6,1,699,0.89599072,FALSE
0.05,0.7,3,2,0.6,1,296,0.892911206,TRUE
0.1,0.7,3,2,0.6,1,200,0.8936671,TRUE
0.4,0.7,3,2,0.6,1,42,0.88305732,FALSE
0.02,0.8,3,2,0.6,1,640,0.893206256,FALSE
0.05,0.8,3,2,0.6,1,269,0.890995532,FALSE
0.1,0.8,3,2,0.6,1,124,0.893590607,FALSE
0.4,0.8,3,2,0.6,1,30,0.887440311,FALSE
0.02,0.6,1,0,0.7,1,700,0.879114248,FALSE
0.05,0.6,1,0,0.7,1,700,0.895049631,FALSE
0.1,0.6,1,0,0.7,1,428,0.895721945,FALSE
0.4,0.6,1,0,0.7,1,109,0.895100337,FALSE
0.02,0.7,1,0,0.7,1,60,0.7943727,FALSE
0.05,0.7,1,0,0.7,1,691,0.893875077,TRUE
0.1,0.7,1,0,0.7,1,428,0.89441616,TRUE
0.4,0.7,1,0,0.7,1,105,0.895147489,FALSE
0.02,0.8,1,0,0.7,1,43,0.783014139,FALSE
0.05,0.8,1,0,0.7,1,700,0.894712297,FALSE
0.1,0.8,1,0,0.7,1,493,0.895091611,FALSE
0.4,0.8,1,0,0.7,1,113,0.8936891,FALSE
0.02,0.6,2,0,0.7,1,87,0.817811895,FALSE
0.05,0.6,2,0,0.7,1,360,0.895436486,FALSE
0.1,0.6,2,0,0.7,1,195,0.896832148,FALSE
0.4,0.6,2,0,0.7,1,54,0.889939408,FALSE
0.02,0.7,2,0,0.7,1,700,0.891715808,FALSE
0.05,0.7,2,0,0.7,1,365,0.894231577,TRUE
0.1,0.7,2,0,0.7,1,225,0.893645354,TRUE
0.4,0.7,2,0,0.7,1,63,0.888120831,FALSE
0.02,0.8,2,0,0.7,1,700,0.892136951,FALSE
0.05,0.8,2,0,0.7,1,382,0.894560911,FALSE
0.1,0.8,2,0,0.7,1,197,0.895006026,FALSE
0.4,0.8,2,0,0.7,1,66,0.89109415,FALSE
0.02,0.6,3,0,0.7,1,696,0.895798693,FALSE
0.05,0.6,3,0,0.7,1,258,0.894284286,FALSE
0.1,0.6,3,0,0.7,1,145,0.894193189,FALSE
0.4,0.6,3,0,0.7,1,27,0.882515734,FALSE
0.02,0.7,3,0,0.7,1,700,0.893722012,FALSE
0.05,0.7,3,0,0.7,1,337,0.89286297,TRUE
0.1,0.7,3,0,0.7,1,143,0.89420809,TRUE
0.4,0.7,3,0,0.7,1,43,0.884386947,FALSE
0.02,0.8,3,0,0.7,1,697,0.893442166,FALSE
0.05,0.8,3,0,0.7,1,305,0.894047102,FALSE
0.1,0.8,3,0,0.7,1,142,0.8924002,FALSE
0.4,0.8,3,0,0.7,1,29,0.883522009,FALSE
0.02,0.6,1,1,0.7,1,40,0.788665375,FALSE
0.05,0.6,1,1,0.7,1,37,0.79192738,FALSE
0.1,0.6,1,1,0.7,1,402,0.895728095,FALSE
0.4,0.6,1,1,0.7,1,121,0.895133745,FALSE
0.02,0.7,1,1,0.7,1,67,0.793483786,FALSE
0.05,0.7,1,1,0.7,1,27,0.788971172,TRUE
0.1,0.7,1,1,0.7,1,362,0.894778207,TRUE
0.4,0.7,1,1,0.7,1,104,0.895481049,FALSE
0.02,0.8,1,1,0.7,1,68,0.801392352,FALSE
0.05,0.8,1,1,0.7,1,699,0.894183873,FALSE
0.1,0.8,1,1,0.7,1,464,0.893867991,FALSE
0.4,0.8,1,1,0.7,1,144,0.894507037,FALSE
0.02,0.6,2,1,0.7,1,700,0.892685443,FALSE
0.05,0.6,2,1,0.7,1,426,0.896419716,FALSE
0.1,0.6,2,1,0.7,1,182,0.893747981,FALSE
0.4,0.6,2,1,0.7,1,67,0.884047137,FALSE
0.02,0.7,2,1,0.7,1,700,0.891192962,FALSE
0.05,0.7,2,1,0.7,1,383,0.895384523,TRUE
0.1,0.7,2,1,0.7,1,206,0.895333625,TRUE
0.4,0.7,2,1,0.7,1,67,0.888475734,FALSE
0.02,0.8,2,1,0.7,1,696,0.890171894,FALSE
0.05,0.8,2,1,0.7,1,465,0.895354161,FALSE
0.1,0.8,2,1,0.7,1,235,0.895505343,FALSE
0.4,0.8,2,1,0.7,1,52,0.886121997,FALSE
0.02,0.6,3,1,0.7,1,98,0.83258012,FALSE
0.05,0.6,3,1,0.7,1,275,0.893148393,FALSE
0.1,0.6,3,1,0.7,1,189,0.893276614,FALSE
0.4,0.6,3,1,0.7,1,37,0.88715811,FALSE
0.02,0.7,3,1,0.7,1,698,0.894496057,FALSE
0.05,0.7,3,1,0.7,1,332,0.894979441,TRUE
0.1,0.7,3,1,0.7,1,194,0.895269416,TRUE
0.4,0.7,3,1,0.7,1,36,0.883018161,FALSE
0.02,0.8,3,1,0.7,1,49,0.82933237,FALSE
0.05,0.8,3,1,0.7,1,302,0.894923612,FALSE
0.1,0.8,3,1,0.7,1,149,0.893300474,FALSE
0.4,0.8,3,1,0.7,1,33,0.884393197,FALSE
0.02,0.6,1,2,0.7,1,59,0.795393771,FALSE
0.05,0.6,1,2,0.7,1,698,0.894950926,FALSE
0.1,0.6,1,2,0.7,1,338,0.896191226,FALSE
0.4,0.6,1,2,0.7,1,87,0.89353189,FALSE
0.02,0.7,1,2,0.7,1,125,0.797439115,FALSE
0.05,0.7,1,2,0.7,1,700,0.894921847,TRUE
0.1,0.7,1,2,0.7,1,454,0.895284209,TRUE
0.4,0.7,1,2,0.7,1,106,0.894084129,FALSE
0.02,0.8,1,2,0.7,1,43,0.78123474,FALSE
0.05,0.8,1,2,0.7,1,696,0.894433546,FALSE
0.1,0.8,1,2,0.7,1,456,0.895680535,FALSE
0.4,0.8,1,2,0.7,1,118,0.895444164,FALSE
0.02,0.6,2,2,0.7,1,142,0.824080364,FALSE
0.05,0.6,2,2,0.7,1,431,0.895404635,FALSE
0.1,0.6,2,2,0.7,1,226,0.895403125,FALSE
0.4,0.6,2,2,0.7,1,87,0.888770028,FALSE
0.02,0.7,2,2,0.7,1,700,0.893711048,FALSE
0.05,0.7,2,2,0.7,1,409,0.894834512,TRUE
0.1,0.7,2,2,0.7,1,243,0.89551155,TRUE
0.4,0.7,2,2,0.7,1,48,0.88907121,FALSE
0.02,0.8,2,2,0.7,1,700,0.892858604,FALSE
0.05,0.8,2,2,0.7,1,486,0.898033351,FALSE
0.1,0.8,2,2,0.7,1,210,0.895169602,FALSE
0.4,0.8,2,2,0.7,1,68,0.893230157,FALSE
0.02,0.6,3,2,0.7,1,681,0.894153488,FALSE
0.05,0.6,3,2,0.7,1,348,0.895535468,FALSE
0.1,0.6,3,2,0.7,1,178,0.894924306,FALSE
0.4,0.6,3,2,0.7,1,35,0.884200186,FALSE
0.02,0.7,3,2,0.7,1,652,0.893337917,FALSE
0.05,0.7,3,2,0.7,1,277,0.894944254,TRUE
0.1,0.7,3,2,0.7,1,157,0.893557888,TRUE
0.4,0.7,3,2,0.7,1,24,0.88122202,FALSE
0.02,0.8,3,2,0.7,1,684,0.892337808,FALSE
0.05,0.8,3,2,0.7,1,265,0.892971468,FALSE
0.1,0.8,3,2,0.7,1,168,0.89444861,FALSE
0.4,0.8,3,2,0.7,1,30,0.884029552,FALSE
0.02,0.6,1,0,0.8,1,43,0.782036709,FALSE
0.05,0.6,1,0,0.8,1,693,0.894084699,FALSE
0.1,0.6,1,0,0.8,1,419,0.894825681,FALSE
0.4,0.6,1,0,0.8,1,116,0.895026084,FALSE
0.02,0.7,1,0,0.8,1,56,0.77566858,FALSE
0.05,0.7,1,0,0.8,1,675,0.89445722,TRUE
0.1,0.7,1,0,0.8,1,332,0.89483412,TRUE
0.4,0.7,1,0,0.8,1,138,0.894450457,FALSE
0.02,0.8,1,0,0.8,1,78,0.788923161,FALSE
0.05,0.8,1,0,0.8,1,700,0.895144913,FALSE
0.1,0.8,1,0,0.8,1,355,0.894068033,FALSE
0.4,0.8,1,0,0.8,1,139,0.894803015,FALSE
0.02,0.6,2,0,0.8,1,700,0.892556391,FALSE
0.05,0.6,2,0,0.8,1,436,0.895523104,FALSE
0.1,0.6,2,0,0.8,1,218,0.894355329,FALSE
0.4,0.6,2,0,0.8,1,58,0.889306408,FALSE
0.02,0.7,2,0,0.8,1,700,0.891888097,FALSE
0.05,0.7,2,0,0.8,1,477,0.894637438,TRUE
0.1,0.7,2,0,0.8,1,208,0.895747727,TRUE
0.4,0.7,2,0,0.8,1,68,0.889211685,FALSE
0.02,0.8,2,0,0.8,1,131,0.819100543,FALSE
0.05,0.8,2,0,0.8,1,427,0.893986527,FALSE
0.1,0.8,2,0,0.8,1,278,0.895852586,FALSE
0.4,0.8,2,0,0.8,1,54,0.889477902,FALSE
0.02,0.6,3,0,0.8,1,695,0.893976196,FALSE
0.05,0.6,3,0,0.8,1,247,0.891987336,FALSE
0.1,0.6,3,0,0.8,1,148,0.893816286,FALSE
0.4,0.6,3,0,0.8,1,27,0.883359641,FALSE
0.02,0.7,3,0,0.8,1,700,0.894218117,FALSE
0.05,0.7,3,0,0.8,1,302,0.893718667,TRUE
0.1,0.7,3,0,0.8,1,175,0.895153297,TRUE
0.4,0.7,3,0,0.8,1,34,0.88385137,FALSE
0.02,0.8,3,0,0.8,1,700,0.892824642,FALSE
0.05,0.8,3,0,0.8,1,293,0.89251885,FALSE
0.1,0.8,3,0,0.8,1,202,0.893981346,FALSE
0.4,0.8,3,0,0.8,1,34,0.886761437,FALSE
0.02,0.6,1,1,0.8,1,37,0.773561775,FALSE
0.05,0.6,1,1,0.8,1,697,0.894606758,FALSE
0.1,0.6,1,1,0.8,1,482,0.896914315,FALSE
0.4,0.6,1,1,0.8,1,89,0.894779365,FALSE
0.02,0.7,1,1,0.8,1,92,0.780813047,FALSE
0.05,0.7,1,1,0.8,1,700,0.893143476,TRUE
0.1,0.7,1,1,0.8,1,477,0.896816456,TRUE
0.4,0.7,1,1,0.8,1,130,0.894172571,FALSE
0.02,0.8,1,1,0.8,1,26,0.788100173,FALSE
0.05,0.8,1,1,0.8,1,41,0.789790795,FALSE
0.1,0.8,1,1,0.8,1,461,0.895114023,FALSE
0.4,0.8,1,1,0.8,1,117,0.895646442,FALSE
0.02,0.6,2,1,0.8,1,700,0.892603515,FALSE
0.05,0.6,2,1,0.8,1,354,0.896726862,FALSE
0.1,0.6,2,1,0.8,1,260,0.894407877,FALSE
0.4,0.6,2,1,0.8,1,50,0.887539033,FALSE
0.02,0.7,2,1,0.8,1,126,0.816706838,FALSE
0.05,0.7,2,1,0.8,1,421,0.896756494,TRUE
0.1,0.7,2,1,0.8,1,198,0.894349626,TRUE
0.4,0.7,2,1,0.8,1,54,0.888258644,FALSE
0.02,0.8,2,1,0.8,1,700,0.89214553,FALSE
0.05,0.8,2,1,0.8,1,472,0.893707968,FALSE
0.1,0.8,2,1,0.8,1,251,0.895511781,FALSE
0.4,0.8,2,1,0.8,1,48,0.891036984,FALSE
0.02,0.6,3,1,0.8,1,698,0.894896453,FALSE
0.05,0.6,3,1,0.8,1,322,0.894964743,FALSE
0.1,0.6,3,1,0.8,1,174,0.894945652,FALSE
0.4,0.6,3,1,0.8,1,38,0.881129464,FALSE
0.02,0.7,3,1,0.8,1,700,0.893397173,FALSE
0.05,0.7,3,1,0.8,1,330,0.893790767,TRUE
0.1,0.7,3,1,0.8,1,189,0.893149975,TRUE
0.4,0.7,3,1,0.8,1,31,0.885222866,FALSE
0.02,0.8,3,1,0.8,1,698,0.893378803,FALSE
0.05,0.8,3,1,0.8,1,300,0.892170102,FALSE
0.1,0.8,3,1,0.8,1,151,0.891679304,FALSE
0.4,0.8,3,1,0.8,1,34,0.88452241,FALSE
0.02,0.6,1,2,0.8,1,65,0.777735886,FALSE
0.05,0.6,1,2,0.8,1,699,0.89419206,FALSE
0.1,0.6,1,2,0.8,1,438,0.895189291,FALSE
0.4,0.6,1,2,0.8,1,111,0.895113745,FALSE
0.02,0.7,1,2,0.8,1,103,0.792498298,FALSE
0.05,0.7,1,2,0.8,1,700,0.895530898,TRUE
0.1,0.7,1,2,0.8,1,408,0.896424677,TRUE
0.4,0.7,1,2,0.8,1,99,0.894187136,FALSE
0.02,0.8,1,2,0.8,1,22,0.755255814,FALSE
0.05,0.8,1,2,0.8,1,602,0.891406829,FALSE
0.1,0.8,1,2,0.8,1,481,0.896551215,FALSE
0.4,0.8,1,2,0.8,1,149,0.894132565,FALSE
0.02,0.6,2,2,0.8,1,700,0.893190751,FALSE
0.05,0.6,2,2,0.8,1,394,0.89530533,FALSE
0.1,0.6,2,2,0.8,1,199,0.895949248,FALSE
0.4,0.6,2,2,0.8,1,69,0.887646424,FALSE
0.02,0.7,2,2,0.8,1,700,0.891389186,FALSE
0.05,0.7,2,2,0.8,1,373,0.8942615,TRUE
0.1,0.7,2,2,0.8,1,264,0.89628515,TRUE
0.4,0.7,2,2,0.8,1,62,0.886497448,FALSE
0.02,0.8,2,2,0.8,1,116,0.816663018,FALSE
0.05,0.8,2,2,0.8,1,505,0.896611651,FALSE
0.1,0.8,2,2,0.8,1,202,0.895533969,FALSE
0.4,0.8,2,2,0.8,1,52,0.888018342,FALSE
0.02,0.6,3,2,0.8,1,696,0.89408501,FALSE
0.05,0.6,3,2,0.8,1,346,0.894965701,FALSE
0.1,0.6,3,2,0.8,1,119,0.891938555,FALSE
0.4,0.6,3,2,0.8,1,43,0.883204895,FALSE
0.02,0.7,3,2,0.8,1,699,0.894894304,FALSE
0.05,0.7,3,2,0.8,1,289,0.894203882,TRUE
0.1,0.7,3,2,0.8,1,144,0.893503656,TRUE
0.4,0.7,3,2,0.8,1,37,0.885752119,FALSE
0.02,0.8,3,2,0.8,1,700,0.893797071,FALSE
0.05,0.8,3,2,0.8,1,342,0.894776378,FALSE
0.1,0.8,3,2,0.8,1,133,0.891833264,FALSE
0.4,0.8,3,2,0.8,1,29,0.88393915,FALSE
0.02,0.6,1,0,0.6,2,39,0.798097663,FALSE
0.05,0.6,1,0,0.6,2,54,0.801126171,FALSE
0.1,0.6,1,0,0.6,2,295,0.89344755,FALSE
0.4,0.6,1,0,0.6,2,102,0.893405189,FALSE
0.02,0.7,1,0,0.6,2,132,0.809145099,FALSE
0.05,0.7,1,0,0.6,2,700,0.894713143,TRUE
0.1,0.7,1,0,0.6,2,428,0.89595043,TRUE
0.4,0.7,1,0,0.6,2,108,0.894779566,FALSE
0.02,0.8,1,0,0.6,2,94,0.801128467,FALSE
0.05,0.8,1,0,0.6,2,694,0.89375617,FALSE
0.1,0.8,1,0,0.6,2,423,0.893626601,FALSE
0.4,0.8,1,0,0.6,2,162,0.893812592,FALSE
0.02,0.6,2,0,0.6,2,75,0.824048867,FALSE
0.05,0.6,2,0,0.6,2,356,0.895134103,FALSE
0.1,0.6,2,0,0.6,2,222,0.893753487,FALSE
0.4,0.6,2,0,0.6,2,52,0.891650725,FALSE
0.02,0.7,2,0,0.6,2,700,0.892839196,FALSE
0.05,0.7,2,0,0.6,2,487,0.897093557,TRUE
0.1,0.7,2,0,0.6,2,182,0.894778935,TRUE
0.4,0.7,2,0,0.6,2,44,0.891297373,FALSE
0.02,0.8,2,0,0.6,2,700,0.889949226,FALSE
0.05,0.8,2,0,0.6,2,446,0.894643606,FALSE
0.1,0.8,2,0,0.6,2,254,0.894995576,FALSE
0.4,0.8,2,0,0.6,2,67,0.88972311,FALSE
0.02,0.6,3,0,0.6,2,697,0.895380015,FALSE
0.05,0.6,3,0,0.6,2,289,0.895545654,FALSE
0.1,0.6,3,0,0.6,2,147,0.893316165,FALSE
0.4,0.6,3,0,0.6,2,28,0.883823735,FALSE
0.02,0.7,3,0,0.6,2,684,0.896096039,FALSE
0.05,0.7,3,0,0.6,2,265,0.892720302,TRUE
0.1,0.7,3,0,0.6,2,148,0.89440811,TRUE
0.4,0.7,3,0,0.6,2,38,0.883252585,FALSE
0.02,0.8,3,0,0.6,2,686,0.894680654,FALSE
0.05,0.8,3,0,0.6,2,374,0.894476174,FALSE
0.1,0.8,3,0,0.6,2,146,0.89158774,FALSE
0.4,0.8,3,0,0.6,2,37,0.883266957,FALSE
0.02,0.6,1,1,0.6,2,150,0.812377849,FALSE
0.05,0.6,1,1,0.6,2,697,0.894440403,FALSE
0.1,0.6,1,1,0.6,2,515,0.895580163,FALSE
0.4,0.6,1,1,0.6,2,135,0.892628638,FALSE
0.02,0.7,1,1,0.6,2,11,0.79290359,FALSE
0.05,0.7,1,1,0.6,2,36,0.806002743,TRUE
0.1,0.7,1,1,0.6,2,410,0.895285339,TRUE
0.4,0.7,1,1,0.6,2,105,0.892210936,FALSE
0.02,0.8,1,1,0.6,2,40,0.797855228,FALSE
0.05,0.8,1,1,0.6,2,700,0.893579038,FALSE
0.1,0.8,1,1,0.6,2,343,0.894465923,FALSE
0.4,0.8,1,1,0.6,2,157,0.895599312,FALSE
0.02,0.6,2,1,0.6,2,103,0.825340226,FALSE
0.05,0.6,2,1,0.6,2,472,0.895221538,FALSE
0.1,0.6,2,1,0.6,2,244,0.89659325,FALSE
0.4,0.6,2,1,0.6,2,52,0.891069588,FALSE
0.02,0.7,2,1,0.6,2,88,0.822156707,FALSE
0.05,0.7,2,1,0.6,2,527,0.896860845,TRUE
0.1,0.7,2,1,0.6,2,267,0.894761812,TRUE
0.4,0.7,2,1,0.6,2,84,0.884950236,FALSE
0.02,0.8,2,1,0.6,2,700,0.893110101,FALSE
0.05,0.8,2,1,0.6,2,379,0.896111273,FALSE
0.1,0.8,2,1,0.6,2,269,0.896517303,FALSE
0.4,0.8,2,1,0.6,2,51,0.890857274,FALSE
0.02,0.6,3,1,0.6,2,697,0.89658917,FALSE
0.05,0.6,3,1,0.6,2,256,0.894877195,FALSE
0.1,0.6,3,1,0.6,2,141,0.893414676,FALSE
0.4,0.6,3,1,0.6,2,42,0.884700441,FALSE
0.02,0.7,3,1,0.6,2,699,0.894695669,FALSE
0.05,0.7,3,1,0.6,2,282,0.894969212,TRUE
0.1,0.7,3,1,0.6,2,130,0.893913599,TRUE
0.4,0.7,3,1,0.6,2,32,0.882455503,FALSE
0.02,0.8,3,1,0.6,2,687,0.89453831,FALSE
0.05,0.8,3,1,0.6,2,271,0.894565887,FALSE
0.1,0.8,3,1,0.6,2,160,0.891795076,FALSE
0.4,0.8,3,1,0.6,2,48,0.885275584,FALSE
0.02,0.6,1,2,0.6,2,77,0.806212758,FALSE
0.05,0.6,1,2,0.6,2,654,0.894629781,FALSE
0.1,0.6,1,2,0.6,2,451,0.895405456,FALSE
0.4,0.6,1,2,0.6,2,135,0.895072906,FALSE
0.02,0.7,1,2,0.6,2,700,0.879008406,FALSE
0.05,0.7,1,2,0.6,2,700,0.895564092,TRUE
0.1,0.7,1,2,0.6,2,437,0.896038762,TRUE
0.4,0.7,1,2,0.6,2,165,0.894261446,FALSE
0.02,0.8,1,2,0.6,2,52,0.803465234,FALSE
0.05,0.8,1,2,0.6,2,696,0.892909832,FALSE
0.1,0.8,1,2,0.6,2,450,0.895298689,FALSE
0.4,0.8,1,2,0.6,2,127,0.893088796,FALSE
0.02,0.6,2,2,0.6,2,700,0.89287367,FALSE
0.05,0.6,2,2,0.6,2,450,0.895327711,FALSE
0.1,0.6,2,2,0.6,2,180,0.893752843,FALSE
0.4,0.6,2,2,0.6,2,51,0.891547475,FALSE
0.02,0.7,2,2,0.6,2,700,0.893205262,FALSE
0.05,0.7,2,2,0.6,2,470,0.894630093,TRUE
0.1,0.7,2,2,0.6,2,219,0.895818833,TRUE
0.4,0.7,2,2,0.6,2,55,0.88915574,FALSE
0.02,0.8,2,2,0.6,2,700,0.892485062,FALSE
0.05,0.8,2,2,0.6,2,481,0.897304485,FALSE
0.1,0.8,2,2,0.6,2,247,0.895991116,FALSE
0.4,0.8,2,2,0.6,2,64,0.892772456,FALSE
0.02,0.6,3,2,0.6,2,695,0.895930819,FALSE
0.05,0.6,3,2,0.6,2,286,0.894002134,FALSE
0.1,0.6,3,2,0.6,2,123,0.893068753,FALSE
0.4,0.6,3,2,0.6,2,27,0.884908464,FALSE
0.02,0.7,3,2,0.6,2,699,0.893781609,FALSE
0.05,0.7,3,2,0.6,2,330,0.894869379,TRUE
0.1,0.7,3,2,0.6,2,166,0.894035067,TRUE
0.4,0.7,3,2,0.6,2,46,0.885276625,FALSE
0.02,0.8,3,2,0.6,2,699,0.895298695,FALSE
0.05,0.8,3,2,0.6,2,312,0.893716193,FALSE
0.1,0.8,3,2,0.6,2,167,0.892440101,FALSE
0.4,0.8,3,2,0.6,2,49,0.889123524,FALSE
0.02,0.6,1,0,0.7,2,131,0.798403803,FALSE
0.05,0.6,1,0,0.7,2,43,0.794399278,FALSE
0.1,0.6,1,0,0.7,2,356,0.895728863,FALSE
0.4,0.6,1,0,0.7,2,115,0.895204828,FALSE
0.02,0.7,1,0,0.7,2,80,0.79392615,FALSE
0.05,0.7,1,0,0.7,2,700,0.895090136,TRUE
0.1,0.7,1,0,0.7,2,417,0.895227318,TRUE
0.4,0.7,1,0,0.7,2,105,0.894747694,FALSE
0.02,0.8,1,0,0.7,2,132,0.801284073,FALSE
0.05,0.8,1,0,0.7,2,42,0.793580854,FALSE
0.1,0.8,1,0,0.7,2,468,0.895978504,FALSE
0.4,0.8,1,0,0.7,2,110,0.895296201,FALSE
0.02,0.6,2,0,0.7,2,700,0.892579706,FALSE
0.05,0.6,2,0,0.7,2,522,0.896005667,FALSE
0.1,0.6,2,0,0.7,2,175,0.895014994,FALSE
0.4,0.6,2,0,0.7,2,45,0.889979941,FALSE
0.02,0.7,2,0,0.7,2,700,0.892273333,FALSE
0.05,0.7,2,0,0.7,2,515,0.896038322,TRUE
0.1,0.7,2,0,0.7,2,237,0.896555651,TRUE
0.4,0.7,2,0,0.7,2,59,0.889990743,FALSE
0.02,0.8,2,0,0.7,2,141,0.821833873,FALSE
0.05,0.8,2,0,0.7,2,449,0.895933734,FALSE
0.1,0.8,2,0,0.7,2,209,0.894479803,FALSE
0.4,0.8,2,0,0.7,2,59,0.892460845,FALSE
0.02,0.6,3,0,0.7,2,79,0.832713328,FALSE
0.05,0.6,3,0,0.7,2,282,0.892941728,FALSE
0.1,0.6,3,0,0.7,2,140,0.893128614,FALSE
0.4,0.6,3,0,0.7,2,30,0.882035799,FALSE
0.02,0.7,3,0,0.7,2,70,0.829669699,FALSE
0.05,0.7,3,0,0.7,2,270,0.890900502,TRUE
0.1,0.7,3,0,0.7,2,146,0.891673935,TRUE
0.4,0.7,3,0,0.7,2,36,0.886641528,FALSE
0.02,0.8,3,0,0.7,2,672,0.892538138,FALSE
0.05,0.8,3,0,0.7,2,303,0.892962724,FALSE
0.1,0.8,3,0,0.7,2,164,0.892484915,FALSE
0.4,0.8,3,0,0.7,2,50,0.884522159,FALSE
0.02,0.6,1,1,0.7,2,87,0.79265246,FALSE
0.05,0.6,1,1,0.7,2,689,0.895195529,FALSE
0.1,0.6,1,1,0.7,2,506,0.89570647,FALSE
0.4,0.6,1,1,0.7,2,103,0.893121666,FALSE
0.02,0.7,1,1,0.7,2,71,0.792008529,FALSE
0.05,0.7,1,1,0.7,2,700,0.894711145,TRUE
0.1,0.7,1,1,0.7,2,18,0.794788969,TRUE
0.4,0.7,1,1,0.7,2,131,0.894525925,FALSE
0.02,0.8,1,1,0.7,2,52,0.798669552,FALSE
0.05,0.8,1,1,0.7,2,700,0.893114973,FALSE
0.1,0.8,1,1,0.7,2,512,0.896643744,FALSE
0.4,0.8,1,1,0.7,2,123,0.89460761,FALSE
0.02,0.6,2,1,0.7,2,700,0.893652138,FALSE
0.05,0.6,2,1,0.7,2,387,0.895328368,FALSE
0.1,0.6,2,1,0.7,2,199,0.894115444,FALSE
0.4,0.6,2,1,0.7,2,53,0.885457859,FALSE
0.02,0.7,2,1,0.7,2,700,0.893903943,FALSE
0.05,0.7,2,1,0.7,2,395,0.895391117,TRUE
0.1,0.7,2,1,0.7,2,209,0.895174412,TRUE
0.4,0.7,2,1,0.7,2,61,0.888399699,FALSE
0.02,0.8,2,1,0.7,2,700,0.892398576,FALSE
0.05,0.8,2,1,0.7,2,453,0.895485809,FALSE
0.1,0.8,2,1,0.7,2,246,0.895066348,FALSE
0.4,0.8,2,1,0.7,2,51,0.888442182,FALSE
0.02,0.6,3,1,0.7,2,688,0.895227713,FALSE
0.05,0.6,3,1,0.7,2,271,0.893437948,FALSE
0.1,0.6,3,1,0.7,2,169,0.891751018,FALSE
0.4,0.6,3,1,0.7,2,25,0.883063834,FALSE
0.02,0.7,3,1,0.7,2,83,0.832683925,FALSE
0.05,0.7,3,1,0.7,2,279,0.892393974,TRUE
0.1,0.7,3,1,0.7,2,158,0.892386597,TRUE
0.4,0.7,3,1,0.7,2,43,0.881740557,FALSE
0.02,0.8,3,1,0.7,2,699,0.893500748,FALSE
0.05,0.8,3,1,0.7,2,362,0.895833532,FALSE
0.1,0.8,3,1,0.7,2,159,0.893443256,FALSE
0.4,0.8,3,1,0.7,2,39,0.88553103,FALSE
0.02,0.6,1,2,0.7,2,38,0.793292519,FALSE
0.05,0.6,1,2,0.7,2,697,0.89495383,FALSE
0.1,0.6,1,2,0.7,2,377,0.894716616,FALSE
0.4,0.6,1,2,0.7,2,107,0.895474992,FALSE
0.02,0.7,1,2,0.7,2,74,0.793879758,FALSE
0.05,0.7,1,2,0.7,2,698,0.895503782,TRUE
0.1,0.7,1,2,0.7,2,486,0.896168639,TRUE
0.4,0.7,1,2,0.7,2,137,0.894962264,FALSE
0.02,0.8,1,2,0.7,2,71,0.793801079,FALSE
0.05,0.8,1,2,0.7,2,51,0.798488617,FALSE
0.1,0.8,1,2,0.7,2,471,0.895418517,FALSE
0.4,0.8,1,2,0.7,2,95,0.893064203,FALSE
0.02,0.6,2,2,0.7,2,700,0.893658678,FALSE
0.05,0.6,2,2,0.7,2,415,0.897112106,FALSE
0.1,0.6,2,2,0.7,2,243,0.895136252,FALSE
0.4,0.6,2,2,0.7,2,49,0.88916732,FALSE
0.02,0.7,2,2,0.7,2,148,0.824786282,FALSE
0.05,0.7,2,2,0.7,2,459,0.895083326,TRUE
0.1,0.7,2,2,0.7,2,251,0.894635986,TRUE
0.4,0.7,2,2,0.7,2,47,0.891672806,FALSE
0.02,0.8,2,2,0.7,2,112,0.819950232,FALSE
0.05,0.8,2,2,0.7,2,501,0.896460693,FALSE
0.1,0.8,2,2,0.7,2,250,0.896438993,FALSE
0.4,0.8,2,2,0.7,2,61,0.892655828,FALSE
0.02,0.6,3,2,0.7,2,700,0.895270754,FALSE
0.05,0.6,3,2,0.7,2,301,0.892048707,FALSE
0.1,0.6,3,2,0.7,2,155,0.892286879,FALSE
0.4,0.6,3,2,0.7,2,30,0.886998037,FALSE
0.02,0.7,3,2,0.7,2,700,0.893193645,FALSE
0.05,0.7,3,2,0.7,2,264,0.894388588,TRUE
0.1,0.7,3,2,0.7,2,140,0.893068412,TRUE
0.4,0.7,3,2,0.7,2,27,0.88509568,FALSE
0.02,0.8,3,2,0.7,2,700,0.893981287,FALSE
0.05,0.8,3,2,0.7,2,313,0.894401807,FALSE
0.1,0.8,3,2,0.7,2,174,0.893669361,FALSE
0.4,0.8,3,2,0.7,2,38,0.889205406,FALSE
0.02,0.6,1,0,0.8,2,66,0.790764679,FALSE
0.05,0.6,1,0,0.8,2,696,0.893962831,FALSE
0.1,0.6,1,0,0.8,2,379,0.896672968,FALSE
0.4,0.6,1,0,0.8,2,132,0.893651937,FALSE
0.02,0.7,1,0,0.8,2,57,0.791748933,FALSE
0.05,0.7,1,0,0.8,2,15,0.749458339,TRUE
0.1,0.7,1,0,0.8,2,393,0.895133212,TRUE
0.4,0.7,1,0,0.8,2,85,0.893949125,FALSE
0.02,0.8,1,0,0.8,2,64,0.790506546,FALSE
0.05,0.8,1,0,0.8,2,700,0.893077721,FALSE
0.1,0.8,1,0,0.8,2,580,0.895080704,FALSE
0.4,0.8,1,0,0.8,2,111,0.893210329,FALSE
0.02,0.6,2,0,0.8,2,699,0.893809597,FALSE
0.05,0.6,2,0,0.8,2,445,0.895688889,FALSE
0.1,0.6,2,0,0.8,2,220,0.895729445,FALSE
0.4,0.6,2,0,0.8,2,43,0.889042912,FALSE
0.02,0.7,2,0,0.8,2,699,0.892517365,FALSE
0.05,0.7,2,0,0.8,2,443,0.894989305,TRUE
0.1,0.7,2,0,0.8,2,175,0.89340209,TRUE
0.4,0.7,2,0,0.8,2,60,0.886916654,FALSE
0.02,0.8,2,0,0.8,2,94,0.816191088,FALSE
0.05,0.8,2,0,0.8,2,521,0.897677015,FALSE
0.1,0.8,2,0,0.8,2,237,0.896538921,FALSE
0.4,0.8,2,0,0.8,2,47,0.891276926,FALSE
0.02,0.6,3,0,0.8,2,700,0.893548404,FALSE
0.05,0.6,3,0,0.8,2,284,0.89451761,FALSE
0.1,0.6,3,0,0.8,2,152,0.893277013,FALSE
0.4,0.6,3,0,0.8,2,42,0.882302165,FALSE
0.02,0.7,3,0,0.8,2,700,0.893643705,FALSE
0.05,0.7,3,0,0.8,2,334,0.894784479,TRUE
0.1,0.7,3,0,0.8,2,189,0.89562612,TRUE
0.4,0.7,3,0,0.8,2,30,0.880759523,FALSE
0.02,0.8,3,0,0.8,2,700,0.893896722,FALSE
0.05,0.8,3,0,0.8,2,275,0.892606537,FALSE
0.1,0.8,3,0,0.8,2,166,0.893608484,FALSE
0.4,0.8,3,0,0.8,2,47,0.881789279,FALSE
0.02,0.6,1,1,0.8,2,34,0.769663448,FALSE
0.05,0.6,1,1,0.8,2,698,0.895018234,FALSE
0.1,0.6,1,1,0.8,2,321,0.894665122,FALSE
0.4,0.6,1,1,0.8,2,90,0.893091428,FALSE
0.02,0.7,1,1,0.8,2,82,0.789469135,FALSE
0.05,0.7,1,1,0.8,2,42,0.786146376,TRUE
0.1,0.7,1,1,0.8,2,480,0.896490165,TRUE
0.4,0.7,1,1,0.8,2,126,0.895229441,FALSE
0.02,0.8,1,1,0.8,2,136,0.792379696,FALSE
0.05,0.8,1,1,0.8,2,700,0.894395219,FALSE
0.1,0.8,1,1,0.8,2,479,0.89490509,FALSE
0.4,0.8,1,1,0.8,2,104,0.894575047,FALSE
0.02,0.6,2,1,0.8,2,700,0.89220741,FALSE
0.05,0.6,2,1,0.8,2,405,0.896020692,FALSE
0.1,0.6,2,1,0.8,2,219,0.895813151,FALSE
0.4,0.6,2,1,0.8,2,47,0.889097497,FALSE
0.02,0.7,2,1,0.8,2,700,0.892697547,FALSE
0.05,0.7,2,1,0.8,2,560,0.896892271,TRUE
0.1,0.7,2,1,0.8,2,227,0.896232312,TRUE
0.4,0.7,2,1,0.8,2,48,0.890226972,FALSE
0.02,0.8,2,1,0.8,2,94,0.813004598,FALSE
0.05,0.8,2,1,0.8,2,600,0.898114191,FALSE
0.1,0.8,2,1,0.8,2,253,0.895890818,FALSE
0.4,0.8,2,1,0.8,2,46,0.89199482,FALSE
0.02,0.6,3,1,0.8,2,700,0.89476329,FALSE
0.05,0.6,3,1,0.8,2,303,0.892566813,FALSE
0.1,0.6,3,1,0.8,2,143,0.893976041,FALSE
0.4,0.6,3,1,0.8,2,33,0.880130078,FALSE
0.02,0.7,3,1,0.8,2,693,0.892835422,FALSE
0.05,0.7,3,1,0.8,2,266,0.894265685,TRUE
0.1,0.7,3,1,0.8,2,166,0.895320482,TRUE
0.4,0.7,3,1,0.8,2,30,0.885168592,FALSE
0.02,0.8,3,1,0.8,2,699,0.893315426,FALSE
0.05,0.8,3,1,0.8,2,330,0.895944156,FALSE
0.1,0.8,3,1,0.8,2,149,0.893718185,FALSE
0.4,0.8,3,1,0.8,2,37,0.88415804,FALSE
0.02,0.6,1,2,0.8,2,52,0.792563112,FALSE
0.05,0.6,1,2,0.8,2,685,0.894833654,FALSE
0.1,0.6,1,2,0.8,2,465,0.897219041,FALSE
0.4,0.6,1,2,0.8,2,143,0.894855913,FALSE
0.02,0.7,1,2,0.8,2,107,0.792454758,FALSE
0.05,0.7,1,2,0.8,2,698,0.894781961,TRUE
0.1,0.7,1,2,0.8,2,352,0.895554294,TRUE
0.4,0.7,1,2,0.8,2,112,0.895754122,FALSE
0.02,0.8,1,2,0.8,2,24,0.770412125,FALSE
0.05,0.8,1,2,0.8,2,700,0.892999038,FALSE
0.1,0.8,1,2,0.8,2,408,0.89580948,FALSE
0.4,0.8,1,2,0.8,2,105,0.894517102,FALSE
0.02,0.6,2,2,0.8,2,700,0.894294162,FALSE
0.05,0.6,2,2,0.8,2,537,0.896233893,FALSE
0.1,0.6,2,2,0.8,2,240,0.896573323,FALSE
0.4,0.6,2,2,0.8,2,47,0.885893967,FALSE
0.02,0.7,2,2,0.8,2,700,0.892638535,FALSE
0.05,0.7,2,2,0.8,2,468,0.895183701,TRUE
0.1,0.7,2,2,0.8,2,226,0.896566929,TRUE
0.4,0.7,2,2,0.8,2,56,0.88876119,FALSE
0.02,0.8,2,2,0.8,2,700,0.890679429,FALSE
0.05,0.8,2,2,0.8,2,425,0.89563296,FALSE
0.1,0.8,2,2,0.8,2,225,0.895704845,FALSE
0.4,0.8,2,2,0.8,2,60,0.888879865,FALSE
0.02,0.6,3,2,0.8,2,649,0.894656259,FALSE
0.05,0.6,3,2,0.8,2,326,0.894674889,FALSE
0.1,0.6,3,2,0.8,2,153,0.893930526,FALSE
0.4,0.6,3,2,0.8,2,40,0.883822938,FALSE
0.02,0.7,3,2,0.8,2,699,0.894235113,FALSE
0.05,0.7,3,2,0.8,2,381,0.895089197,TRUE
0.1,0.7,3,2,0.8,2,135,0.891456305,TRUE
0.4,0.7,3,2,0.8,2,28,0.887998723,FALSE
0.02,0.8,3,2,0.8,2,697,0.894034001,FALSE
0.05,0.8,3,2,0.8,2,371,0.895095565,FALSE
0.1,0.8,3,2,0.8,2,164,0.892316099,FALSE
0.4,0.8,3,2,0.8,2,40,0.885680224,FALSE
,,,,,,,,
,,,,,,,,
,,,,,,,,
,,,,,,,,
"best configuration, interior = FALSE ",,,,,,,,
  eta subsample max_depth gamma colsample_bytree min_child_weight Best_Nrounds,,,,,,,,
 0.05       0.8         2     1              0.8                2          600,,,,,,,,
  Mean_AUC Interior,,,,,,,,
 0.8981142    FALSE,,,,,,,,
