"Feature","Coefficient","Odds_Ratio"
"housing_statusBF",-1.44560875379705,0.235602608909289
"housing_statusBE",-1.4106025357664,0.243996222402342
"device_oswindows",1.25046681560557,3.49197268438457
"housing_statusBB",-1.18115109587901,0.306925234808833
"name_email_similarity",-1.17173942710743,0.309827549846623
"housing_statusBC",-1.16785601889186,0.311033075959084
"has_other_cards1",-1.1320976389024,0.322356359487684
"employment_statusCF",-1.05959859949553,0.346594905781726
"phone_home_valid1",-0.969572470340417,0.379245141995275
"housing_statusBD",-0.96896937951565,0.379473930243862
"income",0.939994788461599,2.55996807692257
"housing_statusBG",-0.911097285811737,0.402082782151973
"device_osmacintosh",0.818286234379057,2.26661206528523
"payment_typeAC",0.812758275587351,2.25411689540292
"employment_statusCE",-0.763792480206117,0.465896170295968
"keep_alive_session1",-0.699506797719031,0.496830281202678
"device_distinct_emails_8w1",-0.671432945362062,0.510975852456335
"month3",-0.62664534674485,0.53438146199348
"employment_statusCD",-0.620082206324546,0.537900216977282
"email_is_free1",0.607643717346463,1.83609992729128
"device_osx11",0.592912918075362,1.80925094680115
"payment_typeAE",-0.529374616722719,0.588973188510266
"employment_statusCB",-0.518244467708338,0.595565164651087
"foreign_request1",0.48047378682977,1.61684025837254
"month4",-0.407009112464676,0.665638124669987
"payment_typeAD",0.363182070288289,1.43789763384652
"payment_typeAB",0.341948494026495,1.40768779131678
"device_distinct_emails_8w2",0.323232998209934,1.38158722075593
"phone_mobile_valid1",-0.244817945012809,0.782847046478326
"month2",-0.241418490789101,0.785512827710418
"sourceTELEAPP",0.239027111661682,1.27001296827901
"device_osother",0.230777559520132,1.2595790269219
"month7",0.230458186189388,1.25917681520401
"employment_statusCC",0.186195334726498,1.20465754884971
"month1",-0.139868442803898,0.869472613254113
"month5",0.0511100292540892,1.05243868595639
"month6",0.0351790848196416,1.03580518917626
"date_of_birth_distinct_emails_4w",-0.0316158198402081,0.968878734574886
"employment_statusCG",0.0257415464304451,1.02607572126766
"customer_age",0.0203081064446804,1.02051571906311
"days_since_request",0.00698008871744277,1.00700450631597
"credit_risk_score",0.00242087882351027,1.00242381151674
"session_length_in_minutes",0.00107208480867052,1.00107265969701
"current_address_months_count",0.000927281429812917,1.00092771148816
"proposed_credit_limit",0.000293186571313412,1.0002932295547
"zip_count_4w",0.000128247315577489,1.00012825553962
"bank_branch_count_8w",-5.35842382530933e-05,0.999946417197357
"velocity_24h",2.61294612379923e-05,1.00002612980262
"velocity_4w",-1.49969947737358e-05,0.999985003117681
"velocity_6h",-3.19554944603281e-06,0.99999680445566
