"Model","Threshold","TP","FP","FN","TN","Accuracy","Sensitivity","Specificity","Precision","F1","ROC_AUC","PR_AUC","TPR_at_5FPR"
"lr_train",0.011,6098,137886,1599,549943,0.799453938458088,0.792256723398727,0.799534477319217,0.0423519279919991,0.0804055880433278,0.874948591787909,0.132334556243108,0.497336624658958
"lr_test",0.011,2620,59446,678,235337,0.798296436203582,0.794420861127956,0.798339795714135,0.0422131279605581,0.0801664524814883,0.875293174666867,0.146696990366114,0.506670709520922
"dt3a_train",0.5,1406,749,6291,687080,0.989878164152023,0.182668572170976,0.998911066558694,0.652436194895592,0.285424279334145,0.857236103864809,0.26560586260557,0.532675068208393
"dt3a_test",0.5,194,765,3104,294018,0.987020306560968,0.0588235294117647,0.997404870701499,0.202294056308655,0.0911439981207423,0.813498364309537,0.0848288295604774,0.410855063674955
"dt2a_train",0.011,5737,120469,1960,567360,0.82397638621705,0.74535533324672,0.824856177916313,0.0454574267467474,0.0856888941995325,0.857236103864809,0.26560586260557,0.532675068208393
"dt2a_test",0.011,2290,52272,1008,242511,0.821256638296302,0.69436021831413,0.822676341580078,0.0419706022506506,0.0791565848600069,0.813498364309537,0.0848288295604774,0.410855063674955
"dt3b_train",0.5,6018,152642,1679,535187,0.778123319617096,0.781863063531246,0.778081470830686,0.0379301651329888,0.0723504270935398,0.828671588253149,0.050214197813933,0.286475250097441
"dt3b_test",0.5,2505,65626,793,229157,0.777178015371661,0.759551243177683,0.777375221773304,0.0367674039717603,0.070139579162525,0.818686987431054,0.0496207417122744,0.28077622801698
"rf_default_train",0.011,7592,190949,105,496880,0.725310053110883,0.986358321423931,0.722388849554177,0.0382389531633265,0.0736236774988121,0.9489306854362,0.22398842597729,0.671950110432636
"rf_default_test",0.011,2841,83566,457,211217,0.718120242484425,0.861431170406307,0.716516895479047,0.0328792806138392,0.063340950894599,0.878577187840307,0.148336715950206,0.515767131594906
"rf_balanced_train",0.011,7697,190413,0,497416,0.726231657766927,1,0.723168113004831,0.0388521528443794,0.0747982332962436,0.98502082860155,0.463228156155578,0.931271924126283
"rf_balanced_test",0.011,2859,85623,439,209160,0.711279819914721,0.866889023650697,0.709538881143078,0.0323116566081237,0.0623011549357158,0.878692301656636,0.153162315351054,0.516070345664039
"xgb_default_train",0.011,6432,143015,1265,544814,0.792559875547427,0.835650253345459,0.792077682098312,0.0430386692272177,0.0818612228274704,0.894832725469232,0.170820783152379,0.543588411069248
"xgb_default_test",0.011,2738,61613,560,233170,0.79142246570563,0.830200121285628,0.790988625531323,0.0425479013535143,0.0809472423834794,0.891013880872916,0.1776607986113,0.550030321406913
"xgb_balanced_train",0.5,6205,120994,1492,566835,0.82389443385294,0.806158243471482,0.824092906812594,0.0487818300458337,0.0919967975329143,0.895589410900042,0.168381572998513,0.546706509029492
"xgb_balanced_test",0.5,2657,52177,641,242606,0.822806552581345,0.80563978168587,0.822998612538715,0.0484553379290221,0.0914126470790615,0.892707429109538,0.180577139249649,0.547301394784718
