"Feature","Mean_Decrease_Gini"
"proposed_credit_limit",123.379968601678
"housing_status",110.770583761546
"device_os",71.8232699577109
"credit_risk_score",56.3455106641723
"customer_age",52.6656922858552
"device_distinct_emails_8w",49.9102440498187
"keep_alive_session",46.417184255671
"income",42.141435944302
"name_email_similarity",39.9950867191713
"phone_home_valid",38.9492723523717
"current_address_months_count",35.4826883998844
"has_other_cards",34.135353995384
"date_of_birth_distinct_emails_4w",33.8116387084047
"payment_type",28.6442793162045
"email_is_free",26.5517329568029
"velocity_4w",21.4763719535249
"session_length_in_minutes",21.3340700599458
"month",20.9007423207775
"days_since_request",20.0817830503075
"foreign_request",17.6273030823074
"zip_count_4w",16.9829996328955
"velocity_6h",15.7221280834358
"velocity_24h",15.2988881490872
"phone_mobile_valid",14.7108605924651
"employment_status",14.5923749256026
"bank_branch_count_8w",14.4669792670378
"source",10.1055765186333
