"","income","name_email_similarity","current_address_months_count","customer_age","days_since_request","zip_count_4w","velocity_6h","velocity_24h","velocity_4w","bank_branch_count_8w","date_of_birth_distinct_emails_4w","credit_risk_score","proposed_credit_limit","session_length_in_minutes"
"income",1,-0.0388,-0.0368,0.1265,-0.0157,-0.0807,-0.0965,-0.1013,-0.1063,0.0075,-0.0628,0.1713,0.1089,-0.0561
"name_email_similarity",-0.0388,1,0.05,-0.0492,-0.0076,0.0249,0.0247,0.0351,0.0399,-0.0016,0.0231,0.0491,0.073,0.0059
"current_address_months_count",-0.0368,0.05,1,0.1422,-0.0574,0.0466,0.0268,0.0184,0.0258,0.0538,-0.1746,0.095,0.1303,-0.0332
"customer_age",0.1265,-0.0492,0.1422,1,-0.0363,-0.0145,-0.0225,-0.0106,-0.0047,0.0484,-0.42,0.1667,0.1491,0.0261
"days_since_request",-0.0157,-0.0076,-0.0574,-0.0363,1,4e-04,0.0281,0.024,0.0179,-0.0178,0.019,-0.088,-0.0684,0.0505
"zip_count_4w",-0.0807,0.0249,0.0466,-0.0145,4e-04,1,0.1421,0.2009,0.3027,0.0057,0.1269,-0.103,-0.012,0.0396
"velocity_6h",-0.0965,0.0247,0.0268,-0.0225,0.0281,0.1421,1,0.4642,0.4003,0.02,0.1191,-0.1454,-0.0253,0.0544
"velocity_24h",-0.1013,0.0351,0.0184,-0.0106,0.024,0.2009,0.4642,1,0.539,0.0361,0.1557,-0.1468,0.0176,0.067
"velocity_4w",-0.1063,0.0399,0.0258,-0.0047,0.0179,0.3027,0.4003,0.539,1,0.0312,0.2426,-0.169,0.0522,0.0791
"bank_branch_count_8w",0.0075,-0.0016,0.0538,0.0484,-0.0178,0.0057,0.02,0.0361,0.0312,1,-0.037,-0.0148,0.0088,0.0045
"date_of_birth_distinct_emails_4w",-0.0628,0.0231,-0.1746,-0.42,0.019,0.1269,0.1191,0.1557,0.2426,-0.037,1,-0.1377,-0.0449,-0.0307
"credit_risk_score",0.1713,0.0491,0.095,0.1667,-0.088,-0.103,-0.1454,-0.1468,-0.169,-0.0148,-0.1377,1,0.6063,-0.0348
"proposed_credit_limit",0.1089,0.073,0.1303,0.1491,-0.0684,-0.012,-0.0253,0.0176,0.0522,0.0088,-0.0449,0.6063,1,-2e-04
"session_length_in_minutes",-0.0561,0.0059,-0.0332,0.0261,0.0505,0.0396,0.0544,0.067,0.0791,0.0045,-0.0307,-0.0348,-2e-04,1
