"Variable","Mean","SD","Min","Q1","Median","Q3","Max","Missing_Values","Zeros","Positive_Values","Negative_Values","Row_Total"
"income",0.56,0.29,0.1,0.3,0.6,0.8,0.9,0,0,993607,0,993607
"name_email_similarity",0.49,0.29,0,0.23,0.49,0.76,1,0,0,993607,0,993607
"prev_address_months_count",60.86,63.71,5,25,34,73,383,711206,0,282401,0,993607
"current_address_months_count",86.96,88.41,0,20,53,130,428,0,9602,984005,0,993607
"customer_age",33.69,12.02,10,20,30,40,90,0,0,993607,0,993607
"days_since_request",1.02,5.36,0,0.01,0.02,0.03,78.46,0,0,993607,0,993607
"intended_balcon_amount",36.58,23.24,0,20.4,32.44,49.59,112.96,736802,0,256805,0,993607
"zip_count_4w",1573.7,1005.65,1,895,1263,1945,6700,0,0,993607,0,993607
"velocity_6h",5668.11,3009.48,-170.6,3439.82,5323.29,7683.32,16715.57,0,0,993563,44,993607
"velocity_24h",4770.18,1478.81,1300.31,3594.04,4750.5,5752.2,9506.9,0,0,993607,0,993607
"velocity_4w",4856.81,919.25,2825.75,4268.52,4913.61,5488.13,6994.76,0,0,993607,0,993607
"bank_branch_count_8w",184.85,460.24,0,1,9,25,2385,0,142999,850608,0,993607
"date_of_birth_distinct_emails_4w",9.5,5.03,0,6,9,13,39,0,1331,992276,0,993607
"credit_risk_score",131.04,69.72,-170,83,122,178,389,0,521,978719,14367,993607
"bank_months_count",14.87,11.53,1,1,15,28,32,251245,0,742362,0,993607
"proposed_credit_limit",516.3,487.81,190,200,200,500,2100,0,0,993607,0,993607
"session_length_in_minutes",7.56,8.03,0,3.12,5.12,8.87,85.9,0,0,993607,0,993607
"device_fraud_count",0,0,0,0,0,0,0,0,993607,0,0,993607
