"Variable","Level","Fraud_Count","Total_Count","Fraud_Ratio"
"payment_type","AC",4194,249692,0.0168
"payment_type","AB",4156,368115,0.0113
"payment_type","AD",1280,117938,0.0109
"payment_type","AA",1364,257573,0.0053
"payment_type","AE",1,289,0.0035
"employment_status","CC",930,37506,0.0248
"employment_status","CG",6,450,0.0133
"employment_status","CA",8868,725305,0.0122
"employment_status","CB",953,137624,0.0069
"employment_status","CD",100,26305,0.0038
"employment_status","CE",53,22579,0.0023
"employment_status","CF",85,43838,0.0019
"housing_status","BA",6337,169122,0.0375
"housing_status","BD",226,26021,0.0087
"housing_status","BC",2277,368343,0.0062
"housing_status","BB",1567,259562,0.006
"housing_status","BF",7,1648,0.0042
"housing_status","BG",1,251,0.004
"housing_status","BE",580,168660,0.0034
"device_os","windows",6494,262287,0.0248
"device_os","macintosh",751,53487,0.014
"device_os","x11",81,7193,0.0113
"device_os","other",1958,339809,0.0058
"device_os","linux",1711,330831,0.0052
